"ADDRESS","BUSINESS_CATEGORY","CITY","DATAPLOR_ID","DATAPLOR_STATUS","LATITUDE","LONGITUDE","MAIN_CATEGORY","NAME","NEIGHBORHOOD","POSTAL_CODE","SUB_CATEGORY","SUB_SUB_CATEGORY"
"601 S King St # 205","chinese_medicine_store","Seattle","a149d3ec-9112-40d8-8441-4b20e3c74dbd","active",47.5982586,-122.3258585,"retail","New An Dong","Little Saigon, International District/Chinatown",98104,"",""
"7771 Beacon Pl NE","condominium_complex","Kitsap County","a8bc6339-0a05-4237-bdd5-ccb1e27f6a69","active",47.6334658,-122.6349147,"civil_society","Meadow Wood Condominium","Meadowdale",98311,"social_service",""
"2601 S Union St Suite 110","massage_therapist","Kennewick","c4709b7c-9fd9-4a3a-a944-980722581740","active",46.1860125,-119.1791139,"healthcare","The Muscle Spa","",99338,"hospitals_clinics",""
"Method + Madness salon and spa, 231 Wells Ave S","massage_therapist","Renton","3ea01fa2-562d-4a96-8a92-7b729bfcd367","active",47.480068,-122.2056922,"healthcare","Willow + Ash Massage Wendi Corbeil, LMT","Downtown Renton",98057,"hospitals_clinics",""
"1521 2nd Ave","condominium_complex","Seattle","d513a43a-ba6e-43d1-a265-5a046b911ac4","active",47.6096813,-122.3397408,"civil_society","1521 Second Avenue","Belltown",98101,"social_service",""
"3259 47th Ave SW","photographer","Seattle","9e142694-585c-44fc-b62f-c0e50a2b2eca","inactive",47.5740618,-122.3924255,"professional_services","Andy Reynolds Photo","Admiral, West Seattle",98116,"licensed_professional",""
"1150 10th Ave NE","house_cleaning_service","Issaquah","144a48f9-e7a3-4f07-83b6-ef76a9e21a70","active",47.5423931,-122.015915,"home_services","New View Cleaners","Issaquah Highlands",98029,"services",""
"640 Bay St","bakery","East Port Orchard","4886279a-9aa2-4e82-8b26-0475f72b7208","inactive",47.5420137,-122.6379698,"convenience_and_grocery_stores","Wilson Patisserie","",98366,"specialty_goods",""
"6523 California Ave SW #329","promotional_products_supplier","Seattle","6434d3b8-257f-4846-a006-a4b194f084e5","active",47.5440464,-122.3874518,"retail","Brand|Pride","Morgan Junction",98136,"",""
"2530 S 317th St","condominium_complex","Federal Way","8f240f8f-2b14-40ef-b115-38848e0fc4f9","active",47.3180647,-122.3009921,"civil_society","Chelsea Court Condominiums","",98003,"social_service",""
