"ADDRESS","BUSINESS_CATEGORY","CITY","DATAPLOR_ID","DATAPLOR_STATUS","LATITUDE","LONGITUDE","MAIN_CATEGORY","NAME","NEIGHBORHOOD","POSTAL_CODE","SUB_CATEGORY","SUB_SUB_CATEGORY"
"1495 NW Gilman Blvd #4","occupational_therapist","Issaquah","659cd87e-f660-44e7-8a0f-2774da6c070c","active",47.5452322,-122.0596779,"healthcare","Sound Children's Therapy","Newport",98027,"specialties",""
"18931 Bothell Way NE #1","bubble_tea_store","Bothell","61e41153-b5de-42b6-8d83-3a97ac9c9815","active",47.7657566,-122.2113212,"dining","Sharetea","",98011,"cafe",""
"3008 16th Ave W","apartment_complex","Seattle","3a8361f0-ca15-4fb6-8313-1292022292e2","active",47.6469106,-122.377091,"civil_society","Ivy at Interbay","Interbay, Queen Anne",98119,"social_service",""
"925 4th Ave #2900","lawyer","Seattle","fcf3345c-d41b-46f3-b6a8-ed5d1035ae84","inactive",47.6054853,-122.3332386,"professional_services","Bateman David A","West Edge, First Hill",98104,"licensed_professional",""
"400 Boston St","dentist","Seattle","ab1d12df-1d2a-4531-8ff6-016935292b57","active",47.6384391,-122.3493386,"healthcare","Sekendur Batur C DDS","Fremont",98109,"specialties",""
"19715 Vashon Hwy SW","dentist","King County","d8c9aaa7-4c8a-4db5-b059-200d73d64d1b","active",47.4278863,-122.4610351,"healthcare","Vashon Dental - Dr. Rasmussen","Roseballen",98070,"specialties",""
"403 Black Hills Ln SW STE C","gynecologist","Olympia","0380911f-6557-4144-8435-74f2e2d8e87b","active",47.046856,-122.9501729,"healthcare","Dr. Bina C. Souri, MD","",98502,"specialties",""
"6450 24th Ave NW","apartment_rental_agency","Seattle","b014aaf7-8927-45c3-9ca4-67d1014a0364","active",47.6755872,-122.3871791,"home_services","Ballard Public Lofts & Market Apartments","Ballard",98107,"",""
"2000 Main St","brewery","Ferndale","10dee82c-f627-4593-9199-5e65ea532249","active",48.8464905,-122.5899615,"bars","District Brewing | Ferndale","Historic Downtown Ferndale",98248,"specialized",""
"11522 Northup Way","barbecue_restaurant","Bellevue","244c7f31-2166-47c8-ab8c-a5dacb79b011","inactive",47.6338508,-122.1865574,"dining","Dixie's BBQ","Northup",98004,"diner",""
