"ADDRESS","BUSINESS_CATEGORY","CITY","DATAPLOR_ID","DATAPLOR_STATUS","LATITUDE","LONGITUDE","MAIN_CATEGORY","NAME","NEIGHBORHOOD","POSTAL_CODE","SUB_CATEGORY","SUB_SUB_CATEGORY"
"9536 Densmore Ave N","tutoring_service","Seattle","0363c781-b296-4d66-a17f-a0954a643a90","active",47.6989021,-122.3373418,"home_services","Kids With An Edge Tutoring","Licton Springs, Maple Leaf",98103,"services",""
"NF-6530","hiking_area","Snohomish County","74dbd9ab-7134-4f7a-bf13-ccdad057c21e","active",47.8275166,-121.2071183,"entertainment_and_recreation","Meadow Creek Trailhead","",98288,"sports_and_recreation",""
"1930 6th Ave S Suite 101","general_contractor","Seattle","08cf3bba-e707-44c1-9771-5e73e4f0f84e","inactive",47.5850712,-122.3251674,"professional_services","Pavilion Construction","International District/Chinatown",98134,"licensed_professional",""
"3025 NW 68th St","city_park","Seattle","39462fd1-16f1-4774-bc37-a38189fe865b","active",47.6777656,-122.3974169,"civil_society","Webster Park","Sunset Hill, Ballard",98117,"government",""
"13416 Bothell Everett Hwy STE 201","massage_therapist","Mill Creek","7f4caf8a-3db4-459e-8134-c273c547ac59","inactive",47.8760223,-122.2134782,"healthcare","Tina Lepeska","Murphys Corner",980125311,"hospitals_clinics",""
"3651 Interlake Ave N UNIT 303","apartment_complex","Seattle","05f56858-8779-40c5-864d-8a6b757259c1","active",47.6520031,-122.3416518,"civil_society","Ray Apartments - East Building","Fremont",98103,"social_service",""
"NF-31","hiking_area","Whatcom County","b44c5edb-89a6-4dbf-a7ee-30761e40d269","active",48.9589824,-121.8070963,"entertainment_and_recreation","Damfino Lakes Trailhead","","","sports_and_recreation",""
"3707 Brooklyn Ave NE","university_department","Seattle","013760d4-9ac5-4d1b-8540-9a0b5a626cc2","active",47.6523445,-122.3147513,"civil_society","School of Marine and Environmental Affairs","University District",98105,"social_service",""
"100 NE Gilman Blvd","physician_assistant","Issaquah","69b1c326-9ee8-45e5-a8e8-e8eef770fa9c","active",47.5371897,-122.0339198,"healthcare","Olga Klachkovich, PA","Gilman",98027,"specialties",""
"1530 Melrose Ave","parking_garage","Seattle","8b463bb2-9557-4ac3-9c90-758c7839087c","active",47.6149753,-122.327793,"civil_society","Republic Parking 30-184","First Hill",98122,"social_service",""
