"ADDRESS","BUSINESS_CATEGORY","CITY","DATAPLOR_ID","DATAPLOR_STATUS","LATITUDE","LONGITUDE","MAIN_CATEGORY","NAME","NEIGHBORHOOD","POSTAL_CODE","SUB_CATEGORY","SUB_SUB_CATEGORY"
"17429 Vashon Hwy SW","real_estate_agency","King County","8d0589ee-a617-46e1-aa7a-464b511849b0","active",47.448391,-122.4608762,"professional_services","Windermere Real Estate","Roseballen",98070,"specialized_services",""
"1545 NW Market St","waxing_hair_removal_service","Seattle","3af1348a-79fe-469a-9f06-deeef844b65f","active",47.6684356,-122.3780956,"beauty","Waxing The City","Ballard",98107,"personal_grooming","beauty_and_hair_parlors"
"13112 NE 20th St #100","waxing_hair_removal_service","Bellevue","ce063aba-59d5-4b4c-9352-6e23905b2b1c","active",47.628792,-122.1656826,"beauty","Sugar Plum: The Sugaring Experts - Eastside","Wilburton",98005,"personal_grooming","beauty_and_hair_parlors"
"143 Park Ln #204","hair_removal_service","Kirkland","3459ce50-3161-4b9c-b7d6-008f00bd896c","active",47.6761233,-122.2051928,"beauty","SweetSpahh Body Sugaring Studio","Moss Bay",98033,"personal_grooming","beauty_and_hair_parlors"
"104 Grand Blvd #108","health_and_beauty_shop","Vancouver","188ae4c1-91a1-40f4-a1e6-b833e60bc066","inactive",45.6197411,-122.643821,"beauty","Waxing The City - Permanently Closed","Hudson's Bay",98661,"cosmetics","supplies"
"1422 Queen Anne Ave N","hair_salon","Seattle","ceedb3e5-e76b-41af-ab23-ea24736bd012","active",47.6320968,-122.3564254,"beauty","BLAIR X JAYME","Queen Anne",98109,"personal_grooming","beauty_and_hair_parlors"
"522 N 18th Ave","hvac_contractor","Yakima","6576d5d8-6017-43b5-80c9-e2892332e8e1","active",46.6065147,-120.5332545,"home_services","Precision Sheet Metal LLC","",98902,"services",""
"14308 Fisk Rd","machine_shop","Yakima County","66fcc1b8-6a88-429e-a1d9-669867f0dfb9","active",46.5744558,-120.6983603,"retail","Precision Machining","",98908,"",""
"2301 S 38th Ave","metal_fabricator","Yakima County","f17221e4-d4a1-4c92-95e8-569fcc023e65","active",46.5626989,-120.559129,"professional_services","Precision Metal Works LLC","Ahtanum",98903,"",""
"4575 Sand Point Way NE","endocrinologist","Seattle","a4fcc59e-cbb2-47e0-a1bc-38cb39fe8a9d","active",47.6627194,-122.2856849,"healthcare","Patricia Y. Fechner, MD","Laurelhurst",98105,"specialties",""
