"ADDRESS","BUSINESS_CATEGORY","CITY","DATAPLOR_ID","DATAPLOR_STATUS","LATITUDE","LONGITUDE","MAIN_CATEGORY","NAME","NEIGHBORHOOD","POSTAL_CODE","SUB_CATEGORY","SUB_SUB_CATEGORY"
"26706 Princeton Ave","family_day_care_service","Kent","361b1e68-8289-4f9e-8bb0-f0f627653c5a","active",47.3619652,-122.2881709,"civil_society","RISE-N-SHINE CHILDCARE","Star Lake",98032,"social_service",""
"619 SW 361st St","family_day_care_service","Federal Way","2a7cf4cd-a431-41c7-b54d-4ab7ef0473dc","active",47.2774556,-122.3445117,"civil_society","MiMi Family Child Care Daycare","The Madison at Ridgegate",98023,"social_service",""
"1339 Commerce Ave #116","bakery","Longview","176e9730-5713-4826-928c-91c8d2fe8942","inactive",46.138097,-122.934394,"convenience_and_grocery_stores","The Original Kristi's Boutique Bakery","Downtown",98632,"specialty_goods",""
"Pacific NW Trail","hydroelectric_power_plant","Whatcom County","5de867aa-779f-4857-a1a6-c212cc13d61f","active",48.7322756,-121.0677102,"entertainment_and_recreation","Ross Dam","",98283,"",""
"2825 NW Market St Ste 206","massage_therapist","Seattle","25ee8b73-748a-4055-b4ff-89a8227351fd","active",47.6680097,-122.3946611,"healthcare","Temple Therapeutics","Seaview",98107,"hospitals_clinics",""
"Mt Baker Hwy","hiking_area","Whatcom County","a4c7aa02-f899-462f-9f1c-d497c3f23068","active",48.8615528,-121.6828954,"entertainment_and_recreation","Bagley Lakes Trailhead","",98244,"sports_and_recreation",""
"3201 Willamette Dr NE ste e","real_estate_agents","Lacey","9154c176-2f71-4a09-9ac6-65cb9a2c6fe2","active",47.0791388,-122.7534006,"professional_services","Ilea Anderson Berkshire Hathaway HomeServices Northwest Real Estate","",98516,"licensed_professional",""
"681 W North Camano Dr","florist","Island County","43e511fa-1539-4c84-af43-81f35e5af37f","inactive",48.247266,-122.5192192,"professional_services","Island Floral Shop","",98282,"licensed_professional",""
"6300 9th Ave NE","massage_therapist","Seattle","0ec92942-4ef1-4633-b592-ac4299cb583f","active",47.6744138,-122.3183623,"healthcare","Katherine Lawson, LMP","Green Lake",98115,"hospitals_clinics",""
"Parking lot, 3810 196th St SW","spiritist_center","Lynnwood","5a4e3d50-7b4a-46aa-8d86-ae28d3f91775","active",47.8204707,-122.2849058,"civil_society","Grupo Central","",98036,"social_service",""
