"ADDRESS","BUSINESS_CATEGORY","CITY","DATAPLOR_ID","DATAPLOR_STATUS","LATITUDE","LONGITUDE","MAIN_CATEGORY","NAME","NEIGHBORHOOD","POSTAL_CODE","SUB_CATEGORY","SUB_SUB_CATEGORY"
"2319 N 45th St","social_worker","Seattle","fb55790c-8093-4c01-b527-e3aba012d0f1","active",47.6611049,-122.3305132,"professional_services","SCOTT VIGNOLA","Wallingford",98103,"licensed_professional",""
"325 9th Ave","psychiatrist","Seattle","f3e33d5a-bdb7-4769-a08c-0ae69b794868","active",47.6039359,-122.3239146,"healthcare","Matthew Iles-Shih","Little Saigon, First Hill",98104,"specialties",""
"5400 Leary Ave NW","beauty_salon","Seattle","2d4c8891-dcc0-4562-8b22-142a4ae356f0","active",47.6671603,-122.3823308,"beauty","Salon Republic Ballard on Leary","Ballard",98107,"personal_grooming","beauty_and_hair_parlors"
"8011 118th Ave NE","counselor","Kirkland","f59ba80a-bdc9-4d8a-9f46-bd4cd98ad0b3","active",47.6759125,-122.1834858,"professional_services","play it out","South Rose Hill",98033,"licensed_professional",""
"610 Terry Ave N Suite 170","coffee_shop","Seattle","6d2d46a9-8498-46e2-94b1-eba627d0822a","active",47.6251237,-122.3369318,"dining","203° Fahrenheit Coffee Company","South Lake Union, Belltown",98109,"cafe",""
"500 17th Ave","internist","Seattle","6d164c00-ece4-48e7-a655-4027cfad55f7","active",47.6070342,-122.3102053,"healthcare","Dr. Lulu Iles-Shih","Little Saigon, Central District",98122,"specialties",""
"12305 120th Ave NE A","massage_therapist","Kirkland","135fe31b-5f32-40e0-82c1-c150645e341c","active",47.7089088,-122.1852896,"healthcare","Kirkland Therapeutic Massage","Firloch",98034,"hospitals_clinics",""
"1800 Westlake Ave N #105","counselor","Seattle","2708553e-2cde-4f93-9169-b325e012d372","active",47.6349674,-122.3398537,"professional_services","Fourth Dimension Counseling, Heidi Kinsella LMHC, SUDP, CPTT, CSAT","Westlake, Fremont",98109,"licensed_professional",""
"610 Market St #202","massage_spa","Kirkland","2b1fa7aa-aed3-4e1d-8022-c2d45d797fbb","active",47.6798759,-122.209204,"healthcare","Taming Tension Massage Therapy","Norkirk",98033,"hospitals_clinics",""
"58 WA-11","hiking_area","Whatcom County","82fe5afd-45bc-4ce7-902a-b70f74aefb83","active",48.6472825,-122.4864432,"entertainment_and_recreation","Clayton Beach Trailhead","",98229,"sports_and_recreation",""
