"ADDRESS","BUSINESS_CATEGORY","CITY","DATAPLOR_ID","DATAPLOR_STATUS","LATITUDE","LONGITUDE","MAIN_CATEGORY","NAME","NEIGHBORHOOD","POSTAL_CODE","SUB_CATEGORY","SUB_SUB_CATEGORY"
"317 NW Gilman Blvd STE 45","acupuncturist","Issaquah","eabd086c-b71b-432e-8e82-fc141f67a11b","active",47.5397672,-122.0422191,"healthcare","Issaquah Acupuncture and Herbs","Gilman",98027,"specialties",""
"119 N 50th Ave","dentist","Yakima","2c336ce0-e0c1-4f97-8477-56bfafde9e62","active",46.5988795,-120.5754114,"healthcare","Dr. Pete Nathe","",98908,"specialties",""
"27081 185th Ave SE # B-105","dentist","Covington","ba736642-a077-4760-979f-e3a3ffe46233","active",47.3590137,-122.0990489,"healthcare","Dr. Amanda Jackson","",98042,"specialties",""
"5410 California Ave SW","acupuncturist","Seattle","57342066-aa95-46db-8630-48ad6f1fef81","active",47.5534637,-122.3865183,"healthcare","Paul G. Nojaim, L","Morgan Junction, West Seattle",98136,"specialties",""
"5410 California Ave SW #204","acupuncturist","Seattle","0ff9e2d4-a21d-4020-971c-d2f4813783d6","active",47.5534637,-122.3865181,"healthcare","Iris Cutler, EAMP","Morgan Junction, West Seattle",98136,"specialties",""
"3579 WA-25","campground","Stevens County","b0e001d8-b59a-4aaf-a225-339f9c366692","active",48.2857233,-118.141242,"entertainment_and_recreation","Gifford Campground","",99131,"",""
"1622 SW 98th St","auto_repair_shop","King County","0baaa1ce-a79c-4e39-a4d1-53e105329373","active",47.5158459,-122.3560499,"automotive_services","New SW Auto Repair New Ownership","Highline",98106,"automobile","repair"
"5410 California Ave SW","wellness_center","Seattle","5129c5f2-98dc-4ef9-9502-d8f03bc3d70f","active",47.5534731,-122.3865252,"entertainment_and_recreation","West Seattle Whole Health Center","Morgan Junction, West Seattle",98136,"sports_and_recreation",""
"4415 Aurora Ave N","coffee_roasters","Seattle","4d1449e5-572b-4907-bdf5-fce6715684f6","active",47.6604889,-122.3476687,"professional_services","Kalani Organica Coffee","Fremont",98103,"licensed_professional",""
"1700 Cooper Point Rd SW STE B1","acupuncture_clinic","Olympia","09aec625-0508-47d4-a6a2-1ae782789254","active",47.0334364,-122.9349655,"healthcare","Dr. Salina Chan","South Westside",98502,"specialties",""
