"ADDRESS","BUSINESS_CATEGORY","CITY","DATAPLOR_ID","DATAPLOR_STATUS","LATITUDE","LONGITUDE","MAIN_CATEGORY","NAME","NEIGHBORHOOD","POSTAL_CODE","SUB_CATEGORY","SUB_SUB_CATEGORY"
"19255 Woodinville Snohomish Rd #3","winery","Woodinville","0e39ec4e-9f78-4320-b32f-c198e6646a89","active",47.7677967,-122.1551673,"convenience_and_grocery_stores","Glacier View Cellars","North Industrial",98072,"",""
"10110 Evergreen Wy","swimming_instructor","Everett","0a0f6c77-92a2-4962-86f3-aa7b37ad8b31","active",47.9059646,-122.2440476,"professional_services","7C's Swim School","Holly",98204,"licensed_professional",""
"10608 NE 2nd St","apartment_building","Bellevue","225c75a6-89ca-4762-a32e-ea5b75cfc59a","active",47.6122597,-122.1984307,"professional_services","Soma Towers South","West Bellevue",98004,"specialized_services",""
"801 2nd Ave Suite 1310","software_company","Seattle","11ebb425-fe20-4457-b407-f2c6c123c862","active",47.6037487,-122.334751,"professional_services","Shiftboard","West Edge, International District/Chinatown",98104,"specialized_services",""
"10005 SW 178th St","scooter_repair_shop","King County","3b554959-e0c5-475e-abcf-8d71e8a27446","active",47.4450601,-122.4620917,"professional_services","Solax Scooter","Roseballen",98070,"specialized_services",""
"1329 N Hamilton St","bar","Spokane","24042626-6b5f-46bb-a24b-0759d13d083a","active",47.6704578,-117.3968523,"bars","The Star","Logan",99202,"specialized",""
"5229 Olympic Dr","tea_store","Gig Harbor","c6125d64-8fcb-45ca-8c49-ece806225043","active",47.3058292,-122.582551,"dining","Everything Tea","Midway",98335,"cafe",""
"4100 Factoria Blvd SE # C","dentist","Bellevue","1f126bf6-d37c-4bc4-8329-20148a520993","active",47.5726745,-122.1689354,"healthcare","Dr. Brandon Cooley","Factoria",98006,"specialties",""
"12840 NE 85th St Suite A291","software_company","Kirkland","b30afae7-2bbe-457e-ad43-22adc5b430ac","active",47.6797048,-122.1674442,"professional_services","AIDA Healthcare","Rose Hill",98033,"specialized_services",""
"Washburn Lake Rd","ranch","Okanogan County","8a251777-608a-4c2b-bf5e-508b16f47f00","inactive",48.8302172,-119.6005353,"entertainment_and_recreation","North Star Ranch","",98855,"",""
