"ADDRESS","BUSINESS_CATEGORY","CITY","DATAPLOR_ID","DATAPLOR_STATUS","LATITUDE","LONGITUDE","MAIN_CATEGORY","NAME","NEIGHBORHOOD","POSTAL_CODE","SUB_CATEGORY","SUB_SUB_CATEGORY"
"2710 Westlake Ave N","marina","Seattle","97724471-c0ec-4517-8c50-5a2af0f9b14d","active",47.6444465,-122.3449314,"civil_society","Diamond Marina","Westlake, Fremont",98109,"social_service",""
"1820 Minor Ave","apartment_complex","Seattle","9afe10dd-84f9-4df5-91fb-20066a737d2c","active",47.6175343,-122.3312177,"civil_society","Balfour Place","South Lake Union, First Hill",98101,"social_service",""
"11800 NE 128th St #100","gastroenterologist","Kirkland","e313a998-3b18-4815-b9eb-2843539e10e6","inactive",47.7152045,-122.1840811,"healthcare","Arnold I. Levin, MD","Totem Lake",98034,"specialties",""
"2980 Squalicum Pkwy","gynecologist","Bellingham","e3ac17a4-5e56-47b7-9fbc-0495339d61a4","active",48.7718853,-122.4726903,"healthcare","Dr. Dina Levin","Cornwall Park",98225,"specialties",""
"University of Washington, MEDICAL CTR, 1959 NE Pacific St","internist","Seattle","127d3072-9dc7-4ace-9a28-f91c218e03f2","active",47.6494439,-122.3065644,"healthcare","Jesse Levin","University District",981950001,"specialties",""
"Same as address, 20228 Ballinger Way NE Space #33","chocolate_shop","Shoreline","343fd3f9-cde2-447c-a3ef-25a7591abbf0","inactive",47.7771772,-122.3116467,"retail","See's Candies Seasonal Location","Ballinger",98155,"",""
"360 Corporate Dr N","dessert_shop","Tukwila","1662d666-2a88-418c-8a25-0eb352b31aee","inactive",47.4511132,-122.256395,"dining","Mousse Boutique LLC","Southcenter",98188,"cafe",""
"3702 Marine View Dr","marina","Tacoma","fa690ceb-b244-44e8-a92a-d013b2a9a3b7","active",47.2818199,-122.4005348,"civil_society","Chinook Landing Marina","Northeast Tacoma",98422,"social_service",""
"1616 E D St","marina","Tacoma","92a1cb66-b2a8-41cd-b8cf-f409b3466fbb","active",47.2487391,-122.4310456,"civil_society","Delin Docks","New Tacoma",98421,"social_service",""
"2825 Eastlake Ave E Ste 115","naturopathic_practitioner","Seattle","b17a5e26-519a-4413-9462-79ceb794f1da","active",47.646347,-122.3257119,"healthcare","Dr. Leanna Standish","Eastlake",98102,"specialties",""
