"ADDRESS","BUSINESS_CATEGORY","CITY","DATAPLOR_ID","DATAPLOR_STATUS","LATITUDE","LONGITUDE","MAIN_CATEGORY","NAME","NEIGHBORHOOD","POSTAL_CODE","SUB_CATEGORY","SUB_SUB_CATEGORY"
"300 Lenora St #1318","software_company","Seattle","d868ad49-fb28-46dd-8d6b-497d28b904e3","active",47.6135302,-122.3422974,"professional_services","Axolot Technologies, LLC","Central Business District, Belltown",98121,"specialized_services",""
"12521 Evergreen Dr # C","fire_protection_system_supplier","Mukilteo","74c5de0b-ac52-494e-b7c0-2fc2e9bd6918","inactive",47.8845672,-122.2834701,"retail","Performance Systems Integration","",98275,"",""
"300 Lenora St","wellness_program","Seattle","24c3f49e-2e74-4e89-bc6b-3cf730f7d06a","active",47.6134195,-122.3422131,"healthcare","Way To Wellness","Central Business District, Belltown",98121,"hospitals_clinics",""
"15230 NE 24th St","chiropractor","Redmond","e271f04e-15bf-4609-b2de-57e1de6d2281","active",47.6320566,-122.1363945,"healthcare","Jeannette B. Birnbach, DC","Overlake",98052,"specialties",""
"300 Lenora St #453","non_profit_organization","Seattle","07015c42-fbd3-4988-86e1-6de2ffde8e0e","active",47.6135302,-122.3422974,"civil_society","Angels for Angels","Central Business District, Belltown",98121,"social_service",""
"901 Boren Ave","internist","Seattle","6e3ff6ae-0bec-4953-8b7f-29675b2f8387","active",47.6086026,-122.325257,"healthcare","Capitol Hill Med: Chu Vy MD","First Hill",98104,"specialties",""
"1203 Umptanum Rd","youth_organization","Kittitas County","348ca04f-98cd-42f5-8ed1-bba8cf5aa0e9","active",46.9808675,-120.5617271,"civil_society","Young Life","",98926,"social_service",""
"6729 Totem Beach Rd","government_office","Snohomish County","a53a2fe1-fab6-489c-a4bf-7341cf60d443","active",48.0560849,-122.2709807,"civil_society","Tulalip Tribes Public Works","Mission Beach",98271,"government",""
"1122 E Pike St #969","non_profit_organization","Seattle","aa75b228-c115-4813-8605-9f0434e3daa5","active",47.6142754,-122.3171383,"civil_society","Gender Justice League","First Hill",98122,"social_service",""
"1122 E Pike St #1120","real_estate_developer","Seattle","d56092ed-7d1c-4f04-8ebf-a0314c9b8f83","active",47.6142608,-122.3171496,"professional_services","Dunn + Hobbes, LLC","First Hill",98122,"licensed_professional",""
