"ADDRESS","BUSINESS_CATEGORY","CITY","DATAPLOR_ID","DATAPLOR_STATUS","LATITUDE","LONGITUDE","MAIN_CATEGORY","NAME","NEIGHBORHOOD","POSTAL_CODE","SUB_CATEGORY","SUB_SUB_CATEGORY"
"304 Main Ave S","alternative_medicine_practitioner","Renton","a8c301c2-c0a1-43ff-a5b3-ed4c09d83b6b","active",47.4793001,-122.2039148,"healthcare","Inspired Life Essential Wellness","",98055,"hospitals_clinics",""
"3510 Fremont Ave N","bakery","Seattle","ca9f99fa-907e-41b5-8d0a-f9981d01877d","inactive",47.6509588,-122.3496612,"convenience_and_grocery_stores","Flying Apron","Fremont",98103,"specialty_goods",""
"5825 221st Pl SE #206","yoga_instructor","Issaquah","551210df-1a0f-430c-8080-8f54ab5672f0","active",47.5498305,-122.0451013,"entertainment_and_recreation","Guiding Starr Yoga","North Issaquah",98027,"sports_and_recreation",""
"755 NW Gilman Blvd #5289","fitness_center","Issaquah","2c733f77-c911-4a7e-99b2-b604d1088297","active",47.5422308,-122.0496935,"entertainment_and_recreation","StretchLab","Newport",98027,"sports_and_recreation",""
"1815 N 45th St","preschool","Seattle","c0de32e7-045d-4bd3-a7c0-fc31865efe64","inactive",47.660629,-122.3356996,"civil_society","The Exploration Academy","Wallingford",98103,"educational",""
"14921 NE 20th St","money_transfer_service","Bellevue","79c2464b-513b-4fcf-aa90-c1a0605b195f","active",47.6276013,-122.1415184,"civil_society","Moneytree","Crossroads",98007,"social_service",""
"10500 Greenwood Ave N","money_transfer_service","Seattle","b800696e-f1c5-46cc-a73d-70ca7d53fbeb","active",47.7054243,-122.3549022,"civil_society","Moneytree","Bitter Lake",98133,"social_service",""
"25260 104th Ave SE","check_cashing_service","Kent","dff501de-d02f-40e2-9ba6-f0c5a0de1b67","active",47.3744266,-122.202027,"civil_society","Moneytree","",98030,"",""
"530 Fairview Ave N","corporate_office","Seattle","c3702ace-4f76-49f5-9eb1-e3a627e9cfaa","active",47.6239282,-122.3339105,"civil_society","NanoString Technologies, Inc.","South Lake Union, Belltown",98109,"",""
"528 Rainier Ave S","money_transfer_service","Renton","f00be3f3-edbd-4fda-a6c9-a9ee9ef48d42","active",47.4758073,-122.2137472,"civil_society","Western Union","",98057,"social_service",""
