"ADDRESS","BUSINESS_CATEGORY","CITY","DATAPLOR_ID","DATAPLOR_STATUS","LATITUDE","LONGITUDE","MAIN_CATEGORY","NAME","NEIGHBORHOOD","POSTAL_CODE","SUB_CATEGORY","SUB_SUB_CATEGORY"
"3804 Copper Pond Pl","yacht_broker","Anacortes","80b38e8f-ea6e-4968-81f4-d0a9a6c0b979","active",48.5013671,-122.6530093,"retail","Premiere Yachts","Westlake, Fremont",98221,"",""
"52 Second St S","fraternal_organization","Friday Harbor","96d76cac-541a-495c-9530-63e0a6bfa088","active",48.5352636,-123.0189177,"civil_society","San Juan Masonic Lodge #175","",98250,"social_service",""
"2200 Alaskan Wy","espresso_bar","Seattle","bf670a6b-45c3-4376-bbc9-f3acd81dd9d3","inactive",47.6110817,-122.3475184,"bars","Caaya Cafe","Belltown",98121,"specialized",""
"1411 NW 109th St","housing_development","Clark County","751b448b-9b8c-4614-8bbc-8b90c999e3bf","active",45.6999087,-122.6861257,"home_services","Kingbird Terrace","Felida",98685,"services",""
"901 Boren Ave ste 1300","counselor","Seattle","567c78a1-61c6-4fad-995f-ea24549fcf85","inactive",47.6086176,-122.325215,"professional_services","R Partlow","First Hill",981043595,"licensed_professional",""
"4018 NW 76th Ave","senior_citizens_care_service","Camas","3540959c-739c-4dfd-9e14-b2e545f72d1a","active",45.634287,-122.451239,"healthcare","Magnolia Senior Placement","",98607,"hospitals_clinics",""
"2525 14th Ave S","apartment_building","Seattle","1a5e36a2-7798-41e3-ba27-cede805b0ff8","active",47.5802408,-122.3151045,"professional_services","Westview Apartment Homes","Beacon Hill",98144,"specialized_services",""
"1611 116th Ave NE UNIT 208","consultant","Bellevue","c341b99a-1c02-4078-b604-d248d6c63a26","active",47.625522,-122.186814,"professional_services","Marc Bachrach Therapy and Coaching","Northup",98004,"licensed_professional",""
"1800 116th Ave NE #104","counselor","Bellevue","3fa21da2-c855-4d74-999f-e987e9b65c65","active",47.626153,-122.1849056,"professional_services","Gilmartin Marc","Northup",98004,"licensed_professional",""
"1111 N Northgate Way","massage_therapist","Seattle","b9bd1071-1715-4fb4-a150-294cec760911","inactive",47.7048427,-122.3438751,"healthcare","Massage911","Licton Springs",98133,"hospitals_clinics",""
