"ADDRESS","BUSINESS_CATEGORY","CITY","DATAPLOR_ID","DATAPLOR_STATUS","LATITUDE","LONGITUDE","MAIN_CATEGORY","NAME","NEIGHBORHOOD","POSTAL_CODE","SUB_CATEGORY","SUB_SUB_CATEGORY"
"9526 SW 204th St","swimming_pool","King County","050b3df2-30a4-4bea-be80-d67dfcaf23e1","active",47.4222403,-122.4566575,"civil_society","Vashon Pool","Chautauqua",98070,"social_service",""
"15000 Tester Rd","horse_riding_school","Snohomish County","1f031d0b-273e-43f6-b172-8ffd96af78fc","active",47.827453,-122.031221,"entertainment_and_recreation","Brick Road Farm","",98290,"sports_and_recreation",""
"900 Plum St SE","city_government_office","Olympia","7d85afae-6087-4f21-b1bb-1b3453bed096","inactive",47.0415071,-122.8909921,"civil_society","Olympia Municipal Jail","Downtown",98501,"government",""
"1500 Fairview Ave E #205","massage_therapist","Seattle","83a2e681-066a-40da-9070-27aa408ec536","active",47.6324669,-122.3264928,"healthcare","Northern Lights Massage - Sports and Therapeutic Massage Therapist","South Lake Union",98102,"hospitals_clinics",""
"3301 T Ave","boat_builder","Anacortes","2363d210-e9a5-4bbb-981b-6d43e12b2f48","active",48.4955282,-122.6061485,"transportation_services","ARMOR Marine","",98221,"",""
"221 Cornet Bay Rd","boat_repair_shop","Island County","5f872bb2-9f39-4cc2-aea1-2c2d2d8f1571","active",48.396759,-122.6269548,"professional_services","Marine Services & Assist","Cornet",98277,"specialized_services",""
"421 N 36th St","video_production_service","Seattle","fb9ab775-408c-4966-8037-d8d2fe371bbd","active",47.6518815,-122.3535362,"professional_services","PegLeg Pictures","Fremont",98103,"specialized_services",""
"221 Wells Ave S","mental_health_service","Renton","cbf76861-3d41-4623-a18a-73ba053e03db","inactive",47.4803783,-122.2055625,"healthcare","Valley Cities","Downtown Renton",98057,"hospitals_clinics",""
"2188 Cedarwood Ln","software_company","Blaine","54f3c10a-abf1-407e-8f60-085f1b919265","active",48.993329,-122.7254759,"professional_services","pcMD","",98230,"specialized_services",""
"1027 Bellevue Ct E","apartment_building","Seattle","d0e0307a-594b-43ea-8117-f43aab14a11d","active",47.6275154,-122.3274282,"professional_services","Ben Lomond Apartments","Capitol Hill",98102,"specialized_services",""
