"ADDRESS","BUSINESS_CATEGORY","CITY","DATAPLOR_ID","DATAPLOR_STATUS","LATITUDE","LONGITUDE","MAIN_CATEGORY","NAME","NEIGHBORHOOD","POSTAL_CODE","SUB_CATEGORY","SUB_SUB_CATEGORY"
"1400 W 27th Ave","convenience_store","Kennewick","5e7a2562-7a38-47f2-a27d-c908022c3d2e","active",46.184547,-119.1383846,"convenience_and_grocery_stores","Jacksons Food Stores","",99337,"consumer_goods",""
"34730 Pacific Hwy S UNIT S","chiropractor","Federal Way","6e39cf3b-45f4-4994-946a-2a1df7ac8e6f","active",47.2902345,-122.3171527,"healthcare","Jolene Gagnon, DC","Kitts Corner",98003,"specialties",""
"8700 NE Vancouver Mall Dr Ste 237","shoe_store","Vancouver","90688d02-5fe7-4820-b9c6-f58d160ba63b","active",45.6568527,-122.5806839,"retail","FD KICKZ","Vancouver Mall",98662,"",""
"3222 W McGraw St","club","Seattle","7575bf47-5a3f-4f54-b59b-02ecb11574e7","active",47.6398183,-122.399405,"entertainment_and_recreation","Rotary Club of Magnolia","Southeast Magnolia",98199,"sports_and_recreation",""
"17530 NE Union Hill Rd STE 270","chiropractor","Redmond","20fb1ddc-5aeb-48e6-8e53-4e71d8e93c39","active",47.6752349,-122.1062989,"healthcare","Hanson Chiropractic Neurology","Bear Creek",98052,"specialties",""
"17530 NE Union Hill Rd","chiropractor","Redmond","a6ff072c-364f-4a3b-bb37-f3efb4bb295c","active",47.6752644,-122.1063528,"healthcare","Daniel P. Hanson, DC","Bear Creek",98052,"specialties",""
"18916 89th Ave NE","school","Bothell","fe847620-1ea6-4984-93b4-8f8d817a85f3","inactive",47.7653758,-122.2208916,"civil_society","Monahan Services Corporation","",98011,"educational",""
"19711 112th Ave NE","painter","Bothell","fe83c85b-7fc9-4b8a-bfb0-50cb0818133d","inactive",47.7704337,-122.1914341,"professional_services","H & S Painting","",98011,"licensed_professional",""
"18626 89th Ave NE","painter","Bothell","2f047af3-bdf5-40fb-aaf4-569fb691e76d","inactive",47.7638559,-122.220728,"professional_services","Pullen's Painting","",98011,"licensed_professional",""
"8401 Canyon Rd E","pizza_restaurant","Pierce County","2be9897a-17ed-4ee0-a0ac-fad5f6ca3e4d","active",47.180671,-122.3569351,"dining","Canyon Pizza and Mini Mart","Midland",98371,"diner",""
