"ADDRESS","BUSINESS_CATEGORY","CITY","DATAPLOR_ID","DATAPLOR_STATUS","LATITUDE","LONGITUDE","MAIN_CATEGORY","NAME","NEIGHBORHOOD","POSTAL_CODE","SUB_CATEGORY","SUB_SUB_CATEGORY"
"370 Upland Dr","commercial_printer","Tukwila","bdbf2a83-a453-40dc-97b3-2eb79be69d7a","inactive",47.4481401,-122.2577552,"professional_services","Litho Design Inc","Southcenter",98188,"",""
"17801 International Blvd","pub","SeaTac","0c4a80c2-7b72-4192-a538-0fd522dfb414","inactive",47.4454043,-122.3009096,"bars","Sports Page Pub","",98158,"specialized",""
"13030 Military Rd S","x_ray_lab","Tukwila","a4fdf42f-6034-48d1-a1c9-a205f53d09cd","inactive",47.4859447,-122.2949727,"healthcare","Southeast X Ray","Latona",98168,"hospitals_clinics",""
"201 NE Park Plaza Dr # 100","corporate_office","Vancouver","74163294-0ea0-4d8a-af3f-170ba0da404d","active",45.6224255,-122.5397086,"civil_society","Northwest Pipe Company","Fircrest",98684,"",""
"123 W Francis Ave #104","dentist","Spokane","9b846d63-f2b4-4b67-a532-1f7e34b0d801","inactive",47.7147125,-117.4135044,"healthcare","David Petersen, D.D.S.","Northtown",99205,"specialties",""
"2532 W Francis Ave","dentist","Spokane","f815af12-9e58-46a7-9957-fe7068e7e750","inactive",47.7157875,-117.4485195,"healthcare","Dr. William M. Petersen, DDS","Balboa",99205,"specialties",""
"9852 Jackson Ave","gas_station","Pierce County","30f46885-a72b-497b-9147-f4800bb2827d","active",47.1141116,-122.5508336,"retail","Exchange Gas & Mini Mart (bldg 9052)","Joint Base Lewis-McChord",98433,"",""
"9123 Mil Park Ave","apartment_building","Pierce County","d5417894-129f-4a6a-a6cf-0692a7a69817","active",47.1004936,-122.5540489,"professional_services","Building 9123","Joint Base Lewis-McChord",98433,"specialized_services",""
"14411 NE 20th Ave #111","oral_surgeon","Clark County","3fe7b54f-e23b-468b-93dc-de6674f2e65a","active",45.725564,-122.6505314,"healthcare","Dr. Craig W. Wong, DMD","Fairgrounds",98686,"specialties",""
"12231 W Clearwater Ave","gas_station","Kennewick","eb1ce8fa-4119-44bd-8a0b-8cd7d33a943c","active",46.196392,-119.26502,"retail","Exxon","",99338,"",""
