"ADDRESS","BUSINESS_CATEGORY","CITY","DATAPLOR_ID","DATAPLOR_STATUS","LATITUDE","LONGITUDE","MAIN_CATEGORY","NAME","NEIGHBORHOOD","POSTAL_CODE","SUB_CATEGORY","SUB_SUB_CATEGORY"
"348 Kirkland Ave","social_services_organization","Kirkland","283d46fe-e335-4af4-9513-b3f148ef8c87","active",47.6764714,-122.201013,"civil_society","Kirkland Teen Union Building","Moss Bay",98033,"government",""
"7507 NE 51st St","psychotherapist","Vancouver","5c140f0c-81f2-4c2a-995b-5123bfb3200f","active",45.6584841,-122.5961088,"healthcare","Corrina Lowe, Counselor","Vancouver Mall",98662,"specialties",""
"Unnamed Road","hiking_area","San Juan County","b16f8892-ccde-4698-a559-d6e493345409","active",48.6568351,-122.8189781,"entertainment_and_recreation","Twin Lakes Trailhead","",98279,"sports_and_recreation",""
"1461 Marietta Ave","association_or_organization","Whatcom County","8d49cee3-39e8-426e-97f8-28228175583d","active",48.804997,-122.560547,"civil_society","Home for the Holidays","",98226,"social_service",""
"25 Lakeshore Plaza","boat_ramp","King County","ae4ee835-41de-4565-b672-537428b02c65","active",47.6755532,-122.2096211,"travel","Kirkland Marina Boat Launch","Market",98033,"vacation_services",""
"4099 S Horton St","city_park","Seattle","044eb2a9-2234-4d1e-b8ed-642d94c424cc","active",47.5737266,-122.2829398,"civil_society","Landing Parkway","Columbia City, Mount Baker",98144,"government",""
"25 Lakeshore Plaza","tourist_attraction","Kirkland","1b72b61a-c086-4417-a643-94501d2c76a2","active",47.6747585,-122.2080605,"travel","Kirkland City Dock","Moss Bay",98033,"vacation_services",""
"14313 NE 20th Ave a101","dentist","Clark County","bfc06c6b-6c6c-411c-a81d-b4ef2ca0c072","active",45.7249562,-122.6504933,"healthcare","Mount Vista Family Dental","Fairgrounds",98686,"specialties",""
"900 SE Chkalov Dr","dentist","Vancouver","7ff215e4-5740-4978-b748-26dab05c8f6b","inactive",45.6149608,-122.5539683,"healthcare","Lance Heppler","Riveridge",986835240,"specialties",""
"1001 Lake St S","park","Kirkland","9764f800-1423-490b-b9ce-da71507e4368","active",47.6675955,-122.2076693,"civil_society","Settler's Landing","Moss Bay",98033,"social_service",""
