"ADDRESS","BUSINESS_CATEGORY","CITY","DATAPLOR_ID","DATAPLOR_STATUS","LATITUDE","LONGITUDE","MAIN_CATEGORY","NAME","NEIGHBORHOOD","POSTAL_CODE","SUB_CATEGORY","SUB_SUB_CATEGORY"
"4012 Leary Wy NW","turkish_restaurant","Seattle","420b696f-cde9-455c-8ef4-8473ab560eb3","active",47.6564379,-122.3619766,"dining","Hamdi","Fremont",98107,"specialized_cuisine",""
"6th and, Lenora St","apartment_building","Seattle","d3eb325a-03fa-4682-9e58-eb2cd43c4a90","inactive",47.6153569,-122.3404796,"professional_services","Via6 Towers","Central Business District, Belltown",98121,"specialized_services",""
"5456 Shilshole Ave NW","sichuan_restaurant","Seattle","dd5643e6-435d-459f-a86b-e7aafd47a07c","active",47.6679011,-122.3865013,"dining","Dump Truck by Plenty of Clouds","Ballard",98107,"specialized_cuisine",""
"1701 12th Ave S","apartment_building","Seattle","bbd73ab0-0318-4228-97b1-f97b4ca580d9","active",47.5880765,-122.3176807,"professional_services","Beacon View","Beacon Hill",98144,"specialized_services",""
"4500 Lake Washington Blvd S","marina","Seattle","510c2abf-c29b-4d8d-a6d0-ae46f384180e","active",47.563578,-122.267595,"civil_society","Lakewood Marina","Lakewood, Mount Baker",98118,"social_service",""
"324 Lake Washington Blvd","marina","Seattle","fed966ea-833f-4fd1-8b53-0d298f0cc999","active",47.6037532,-122.2835531,"civil_society","Leschi North Moorage","Madrona",98122,"social_service",""
"3111 Tieton Dr STE 300","food_products_supplier","Yakima","bbe87d76-840b-4b05-8e49-b633732b50b0","active",46.5930925,-120.5509434,"retail","YAAX International, Inc.","",98902,"",""
"7135 Sportsfield Dr NE","tennis_store","Seattle","0ea2552e-8693-4f8e-8f2c-92179418dd14","active",47.6811398,-122.2607949,"retail","Dickson's Tennis Services","Sand Point",98115,"",""
"17791 Fjord Dr NE A","marina","Poulsbo","3d348f24-4104-4575-b84a-1bde505bcfea","active",47.724616,-122.639363,"civil_society","Liberty Bay Marina","",98370,"social_service",""
"590 1st Ave S","condominium_complex","Seattle","4b1cffc1-9ba6-404b-b4a1-b485f81f3282","active",47.5959742,-122.333615,"civil_society","Gridiron Condominiums","International District/Chinatown",98104,"social_service",""
