"ADDRESS","BUSINESS_CATEGORY","CITY","DATAPLOR_ID","DATAPLOR_STATUS","LATITUDE","LONGITUDE","MAIN_CATEGORY","NAME","NEIGHBORHOOD","POSTAL_CODE","SUB_CATEGORY","SUB_SUB_CATEGORY"
"300 Lenora Street","non_profit_organization","Seattle","f447d9a4-f33d-4f4b-9917-bd91fa798f4b","active",47.6379975,-122.3267145,"civil_society","Washington Acupuncture and Eastern Medicine Association","Eastlake",98102,"social_service",""
"888 Western Ave","apartment_complex","Seattle","bca8f366-1c98-46cf-bbc4-f8abbcb7911c","active",47.6034323,-122.3363079,"civil_society","Griffis Seattle Waterfront","West Edge, Belltown",98104,"social_service",""
"16771 NE 80th St # 210","psychotherapist","Redmond","87c7d8d0-3b47-4a49-8213-14aa9b65f794","active",47.6744766,-122.1168373,"healthcare","Eastside Healing Space Counseling PLLC","Downtown",98052,"specialties",""
"NF-1000","hiking_area","Yakima County","84434d46-ec29-4483-8412-41efc19b7dfd","active",46.5088586,-121.2806524,"entertainment_and_recreation","Conrad Meadows Trailhead","",98937,"sports_and_recreation",""
"11066 5th Ave NE #208","dentist","Seattle","a887185f-ff38-44b2-a982-35ce564b3d7b","active",47.7105747,-122.3223261,"healthcare","Dr. Richard Ansong","Northgate",98125,"specialties",""
"9221 Roosevelt Way NE Ste B","marriage_counselor","Seattle","5b91dad5-f281-4527-85d2-51a3e4c64f97","active",47.6965924,-122.3178743,"professional_services","Morina Counseling","Maple Leaf",98115,"licensed_professional",""
"9221 Roosevelt Way NE Ste B","counselor","Seattle","6416b888-068c-461f-a4a4-560f90d70ce4","active",47.6964687,-122.31787,"professional_services","Yukimi Haraguchi","Maple Leaf",98115,"licensed_professional",""
"1201 3rd Ave #2200","association_or_organization","Seattle","4c7887a1-10ab-4ab5-931f-533656a393c8","active",47.607547,-122.3375569,"civil_society","Ashesi University Foundation","Central Business District, Belltown",98101,"social_service",""
"55083.9063","park","Spokane Valley","5d20a5c9-c19e-4f43-abd6-a48fcad11f31","active",47.6772437,-117.1534967,"civil_society","Centennial Trail Barker Rd Trailhead","Greenacres",99016,"social_service",""
"7001 Seaview Ave NW O 61","fishing_charter","Seattle","38ec47df-8136-4a8d-a939-3f3aa48e4904","active",47.6807115,-122.40461,"transportation_services","Ridge to River Outdoors LLC & 365 Charters","Sunset Hill, Ballard",98117,"",""
