"ADDRESS","BUSINESS_CATEGORY","CITY","DATAPLOR_ID","DATAPLOR_STATUS","LATITUDE","LONGITUDE","MAIN_CATEGORY","NAME","NEIGHBORHOOD","POSTAL_CODE","SUB_CATEGORY","SUB_SUB_CATEGORY"
"2619 Pacific Highlands Ave","house_cleaning_service","Ferndale","ba576c44-895d-4214-ad37-a2397e5a3b48","active",48.867061,-122.6232458,"home_services","Cleaning with Meaning","",98248,"services",""
"1490 Churchill Dr","software_company","Whatcom County","378feae8-4925-4e71-90a2-61e77e8a49d8","inactive",49.0008745,-123.0740303,"professional_services","DroneLytics","Sunrise Terrace",98281,"specialized_services",""
"1459 Edwards Dr","apartment_building","Whatcom County","2623b943-fd74-4fce-86bc-3c8d4699d968","active",48.9732752,-123.0754825,"professional_services","Oceanview Apartments","",98281,"specialized_services",""
"68 N Beach Rd","mexican_restaurant","San Juan County","04771a5f-a08f-40e6-b2da-7d47dd6e929f","active",48.6951517,-122.9058395,"dining","Johanna's Catering","",98245,"specialized_cuisine",""
"1591 McKenzie Way","software_company","Whatcom County","de293aef-1b6c-45b2-a959-77a10028f828","active",48.999463,-123.068481,"professional_services","Software Keep","",98281,"specialized_services",""
"214 N Commercial St #201","alternative_medicine_practitioner","Bellingham","434350b0-c44a-4cb3-a09f-f9a1736eec85","active",48.7534709,-122.4777252,"healthcare","Marguerite Johnson","City Center",98225,"hospitals_clinics",""
"NF-600","hiking_area","Chelan County","463f69fa-23cb-48db-8aea-27e73ca86138","active",48.516278,-120.7361806,"entertainment_and_recreation","Rainy Pass Trailhead","",98862,"sports_and_recreation",""
"1480 Gulf Rd Suite A","gift_shop","Whatcom County","a77c672e-add5-43d1-adcc-ce73485f1a8f","active",48.9848479,-123.0742795,"retail","Kora's Corner","",98281,"",""
"1 Dock Road","marina","San Juan County","0639f8fe-7b69-43fc-9e84-108b4e728957","inactive",48.686896,-123.0369534,"civil_society","Waldron Public Dock","Waldron",98245,"social_service",""
"12502 Pacific Ave S","denture_care_center","Pierce County","9958540f-e9fb-4474-beb0-4823fe47ac78","active",47.1430659,-122.435006,"healthcare","Parkland Denture Center","",98444,"hospitals_clinics",""
