"ADDRESS","BUSINESS_CATEGORY","CITY","DATAPLOR_ID","DATAPLOR_STATUS","LATITUDE","LONGITUDE","MAIN_CATEGORY","NAME","NEIGHBORHOOD","POSTAL_CODE","SUB_CATEGORY","SUB_SUB_CATEGORY"
"5215 Corporate Center Ct SE Suite A","real_estate_agency","Lacey","16e09cd6-8720-4d55-86de-7965c440b4f1","active",47.0008471,-122.8251271,"professional_services","Realty ONE Group Bold","",98503,"specialized_services",""
"JGFX+MM7","historical_landmark","Okanogan County","dd025c5d-edf6-4d22-9909-7ccae1680507","inactive",48.6241625,-120.450828,"civil_society","Mazama Queen Mine","","","social_service",""
"NF-100","historical_landmark","Okanogan County","62e172cf-987a-440e-8575-25658b3435b3","active",48.668986,-120.3045382,"civil_society","Sweetgrass Butte","",98833,"social_service",""
"1715 E Main Ave","apartment_building","Puyallup","6cc7c1c6-09d7-495e-94da-e4e534f0098e","active",47.1923075,-122.2697312,"professional_services","River Trail Apartments","",98372,"specialized_services",""
"826 Hwy 7","general_contractor","Tonasket","1004bca9-0742-4554-b506-3ca6d1cb0435","inactive",48.74632,-119.423982,"professional_services","Budley Do-Rite Construction","",98855,"licensed_professional",""
"3000 Clearwater Rd","sheriffs_department","Jefferson County","24060f42-623f-49bd-9ff1-103c28ccbe3c","active",47.5780068,-124.2939773,"civil_society","Jefferson County Sheriff","Clearwater",98331,"government",""
"Whidbey","public_bathroom","Island County","4ce3bd92-c29f-489e-8942-389951cfd7e5","active",48.2265404,-122.7680709,"civil_society","Restrooms","",98239,"",""
"1 W Winesap St","federal_government_office","Tonasket","b2bb471e-fda9-451e-aec1-fcfcc10a36c0","active",48.7110397,-119.4346442,"civil_society","USDA Forest Services Okanogan","",98855,"government",""
"248 Reuben Memorial Dr","corporate_office","San Juan County","96b6bedc-d7a4-4b27-aa35-085c1d79e80e","inactive",48.6084652,-123.1529579,"civil_society","Roche Harbor Lime & Cement Company","Roche Harbor",98250,"",""
"761 Park St","preschool","Friday Harbor","cb8317e4-9ccd-4648-80ee-5ca3911ca3cc","active",48.5342418,-123.0259129,"civil_society","St David’s Day School","",98250,"educational",""
