"ADDRESS","BUSINESS_CATEGORY","CITY","DATAPLOR_ID","DATAPLOR_STATUS","LATITUDE","LONGITUDE","MAIN_CATEGORY","NAME","NEIGHBORHOOD","POSTAL_CODE","SUB_CATEGORY","SUB_SUB_CATEGORY"
"FW7R+X8","park","Pacific County","1dfe0a6a-87b4-44dd-b511-f9a48c83cdd7","active",46.4649318,-124.059138,"civil_society","Beach Approach","Klipsan Beach",98640,"social_service",""
"9410 Roosevelt Way NE","book_store","Seattle","69c2993b-0469-405a-9583-9f9d014b7494","inactive",47.6971299,-122.3171708,"civil_society","Blue Kettle Book Club","Maple Leaf",98115,"social_service",""
"4340 Pacific Hwy Unit 203","aviation_consultant","Bellingham","bfbeea01-475d-44ea-9716-18627e40c23a","active",48.7984966,-122.5285649,"professional_services","Shepherd Aero","",98226,"licensed_professional",""
"1418 6th Ave","dog_trainer","Tacoma","55026122-7ca2-4fc2-8c2d-8ab7a24c06d1","active",47.2561258,-122.4583641,"professional_services","PacwestK9","Central Tacoma",98405,"licensed_professional",""
"3517 Stone Way N","dance_school","Seattle","4d374783-fa39-45b0-ae6b-6ae0190d12a3","active",47.6500568,-122.34308,"entertainment_and_recreation","danceDaigre","Fremont",98103,"sports_and_recreation",""
"9040 SW Soper Rd","wedding_photographer","King County","b1fe0948-ecc7-4cb7-8dac-599f0b125d99","inactive",47.4498466,-122.4507241,"professional_services","Marla Smith Photography","",98070,"licensed_professional",""
"300 NE 97th St","real_estate_agents","Seattle","7bc0afc6-5d44-42d7-9fa5-6d14dae23db7","inactive",47.6994132,-122.325317,"professional_services","Maynard Wagner - REAL Broker LLC","Maple Leaf",98115,"licensed_professional",""
"6220 Portal Way","software_company","Ferndale","9fa65c65-510b-4604-9f7a-ae5451f1ad03","active",48.8672466,-122.5838763,"professional_services","People Pond","",98248,"specialized_services",""
"7135 Delta Line Rd","business_park","Whatcom County","92f1cdcf-8a32-4b15-8edc-60ebcf7b4a06","active",48.9004114,-122.6199776,"travel","Delta Tech Industrial Park","",98248,"",""
"14216 Pacific Ave S","apartment_building","Pierce County","bd6c38b3-2d87-4588-823f-6e53b697fc32","active",47.127185,-122.435537,"professional_services","Northwood Apartments","",98444,"specialized_services",""
