"ADDRESS","BUSINESS_CATEGORY","CITY","DATAPLOR_ID","DATAPLOR_STATUS","LATITUDE","LONGITUDE","MAIN_CATEGORY","NAME","NEIGHBORHOOD","POSTAL_CODE","SUB_CATEGORY","SUB_SUB_CATEGORY"
"43502 E Ridgecrest Loop, N.E","fishing_charter","Benton County","5c23a496-9090-4cea-98f7-5dd2881216b0","active",46.2896901,-119.4121462,"transportation_services","Adam's Northwest Fishing Adventures","",99320,"",""
"9842 63rd Ave S","transportation_service","Seattle","ed14fa06-cb1f-4735-8ef7-0de2faba93eb","inactive",47.5224396,-122.2794282,"transportation_services","Link Light Rail - Rainier Beach Station","Rainier Beach",98118,"",""
"3000 184th St SW #922","korean_barbecue_restaurant","Lynnwood","7f0cece7-5aa6-4cdf-8f05-66165beb4d60","active",47.8308098,-122.2709803,"dining","Baekjeong Lynnwood","",98037,"diner",""
"4214 24th Ave W","manufacturer","Seattle","e335142f-c043-46e6-a7b3-917a6f5b0725","active",47.658073,-122.387062,"retail","DiveAlert","Magnolia",98199,"",""
"2555 Duportail St","apartment_building","Richland","90e693ba-ef2c-4497-8e11-9a90dc9ff436","active",46.266041,-119.302387,"professional_services","Shoreline Village Apartments","",99352,"specialized_services",""
"1616 N State St","lighting_store","Bellingham","4aec4e93-27d2-4974-8ecc-473b7ed72a09","inactive",48.7518588,-122.4712485,"retail","Village Lighting","Sunnyland",98225,"",""
"1564 Whiteley Rd","winery","Walla Walla County","64d80160-f57f-49c5-b13f-e6e67366d621","inactive",46.0135036,-118.3601432,"convenience_and_grocery_stores","Tertulia Cellars","",99362,"",""
"19331 21st Ave W","pottery_store","Snohomish County","d6a65fcd-a0ee-4da6-8202-a0115703dcfe","inactive",47.8226701,-122.2610437,"retail","AW Pottery NW","Alderwood",98036,"",""
"3245 Fairview Ave E #310b","psychotherapist","Seattle","07414d66-57dc-4fbe-9cda-d8a0c11c90a1","active",47.6519711,-122.3231155,"healthcare","Wright Counseling","Eastlake",98102,"specialties",""
"2606 2nd Ave #200","architecture_firm","Seattle","ecb1349d-c248-41c5-abe8-85c4677874a7","active",47.6161953,-122.3490056,"professional_services","Purba studio","Uptown, Belltown",98121,"specialized_services",""
