"ADDRESS","BUSINESS_CATEGORY","CITY","DATAPLOR_ID","DATAPLOR_STATUS","LATITUDE","LONGITUDE","MAIN_CATEGORY","NAME","NEIGHBORHOOD","POSTAL_CODE","SUB_CATEGORY","SUB_SUB_CATEGORY"
"1312 N Monroe St #272","consultant","Spokane","5cd3abe2-06e8-466e-92f5-1e36c9cfc3ab","active",47.669685,-117.426313,"professional_services","Proven Compliance Solutions Inc","Garfield",99201,"licensed_professional",""
"2598 Island View Ln","vacation_home_rental_agency","Whatcom County","ad662253-5a5d-4177-9cda-cac75950638c","active",48.7360302,-122.7161484,"travel","Lummi Vacation Rentals Llc","",98262,"lodging",""
"2519 Pacific Hwy E Ste. B","sporting_goods_store","Fife","8266e8c9-f199-4427-89ae-9b4a91d27ac8","active",47.2437371,-122.3957517,"retail","DB Skimboards","Tacoma Junction",98424,"",""
"311 River Rd #106","garage_door_supplier","Puyallup","30381f29-db1c-4ae1-a158-bc955ab0f6d2","inactive",47.200202,-122.297852,"home_services","StressLess Garage Door Services","Gaslamp Quarter",98371,"services",""
"403 Madison Ave N","restaurant","Bainbridge Island","3e17a656-b7da-4f8d-92f3-b9abace9ee9b","inactive",47.6272404,-122.5215624,"dining","Soup'r Burger","Winslow",98110,"diner",""
"826 Thomas St","cafe","Seattle","257f3702-9b3a-4180-9e00-838ba66361b2","active",47.6210956,-122.339976,"dining","Cafe An'Clair - 9th & Thomas","South Lake Union, Belltown",98109,"cafe",""
"800 NE Tenney Rd #102","hair_salon","Clark County","0605490a-956b-4458-a00f-6aafd609d57e","inactive",45.7211605,-122.6631241,"beauty","Perfect Look Hair Salon","North Salmon Creek",98685,"personal_grooming","beauty_and_hair_parlors"
"1959 NE Pacific St","neurologist","Seattle","6657d9fd-c5cc-456f-8f0c-44f4e7976b5d","active",47.6490968,-122.3070171,"healthcare","Kenneth R. Maravilla","University District",98195,"specialties",""
"Wells Fargo Center, 999 3rd Ave SUITE 700","legal_services","Seattle","8ecf4b07-56d0-4a8b-9ea0-f1da79684a87","active",47.604981,-122.334249,"professional_services","Boswell IP Law","West Edge, First Hill",98101,"",""
"Securities Building, 1904 3rd Ave #808","medical_clinic","Seattle","e1661621-d9b0-4451-9ad7-b2460c7e231c","active",47.611956,-122.339565,"healthcare","Elliott Bay Natural Medicine","Central Business District, Belltown",98101,"hospitals_clinics",""
