"ADDRESS","BUSINESS_CATEGORY","CITY","DATAPLOR_ID","DATAPLOR_STATUS","LATITUDE","LONGITUDE","MAIN_CATEGORY","NAME","NEIGHBORHOOD","POSTAL_CODE","SUB_CATEGORY","SUB_SUB_CATEGORY"
"11600 NE 148th Ct","swimming_pool","Kirkland","712af9bc-dbe7-4b83-b04a-f4c487a2d04f","active",47.7342734,-122.1861399,"civil_society","High Woodlands Private Pool","Oskams Corner",98034,"social_service",""
"15332 Hwy 99","massage_therapist","Snohomish County","726d0602-ca75-4d63-914e-299c655737ae","active",47.8593214,-122.2870255,"healthcare","Euro Touch Massage","",98087,"hospitals_clinics",""
"1423 Gulf Rd","auto_repair_shop","Whatcom County","9980dd8d-d473-45ba-8763-7e7141bd0c13","active",48.9843579,-123.0776393,"automotive_services","Dennis' Auto","",98281,"automobile","repair"
"19730 64th Ave W STE 321","massage_therapist","Lynnwood","ebceedb0-b6f1-4a6f-b85a-1aa305c15644","active",47.8195857,-122.3203352,"healthcare","Nick Bennett Massage","Seattle Heights",98036,"hospitals_clinics",""
"1815 Province Rd","computer_repair_service","Whatcom County","3d7beb84-b3e7-4608-9839-c2ec38ea833e","inactive",48.9990906,-123.0559392,"professional_services","Point Roberts Computer Service","Delta View",98281,"specialized_services",""
"2376 Main St #3","massage_therapist","Ferndale","cd4f7ffe-a773-454e-8fae-71cd54f72851","inactive",48.8486768,-122.6108371,"healthcare","Therese Kelliher, LMP","",98248,"hospitals_clinics",""
"2513 150th Pl SW","assisted_living_facility","Snohomish County","202a126d-64b4-4ac1-8921-c00ecfbd2b53","active",47.8622386,-122.2672227,"healthcare","Manor Villa AFH","",98087,"hospitals_clinics",""
"20328 Damson Rd","assisted_living_facility","Snohomish County","78e3921f-b107-4306-9fbf-f5e00bf8a71a","active",47.8134959,-122.2443671,"healthcare","Hilltop Adult Family Home","",98036,"hospitals_clinics",""
"601 Main St Suite 205","speech_pathologist","Vancouver","6a4a0ffc-c614-4985-bfdf-fb94a180ae35","active",45.6258471,-122.6713003,"healthcare","Cairn Therapy","Esther Short",98660,"specialties",""
"17501 13th Pl W","assisted_living_facility","Snohomish County","c754be36-24c3-4e0d-a728-c92ebbee7bfd","inactive",47.8395599,-122.2511565,"healthcare","loving and caring adult family home","",98037,"hospitals_clinics",""
