"ADDRESS","BUSINESS_CATEGORY","CITY","DATAPLOR_ID","DATAPLOR_STATUS","LATITUDE","LONGITUDE","MAIN_CATEGORY","NAME","NEIGHBORHOOD","POSTAL_CODE","SUB_CATEGORY","SUB_SUB_CATEGORY"
"2849 W Maplewood Ave","apartment_building","Bellingham","aa5e0a65-ae57-4c30-8428-2239f4530833","active",48.7787663,-122.5072582,"professional_services","Maplewood Apartments LP","Birchwood",98225,"specialized_services",""
"2836 W Maplewood Ave","apartment_complex","Bellingham","0bbd2562-49b9-4136-965b-d9c3ded05883","active",48.7790372,-122.5051619,"civil_society","Maplewood West Apartments","Birchwood",98225,"social_service",""
"2711 W Maplewood Ave","food_manufacturer","Bellingham","cd5bb9b7-3b6c-4171-a41e-d0d514e514c2","active",48.7758965,-122.5010917,"retail","BRBites","Birchwood",98225,"",""
"6505 Perimeter Rd S STE 200","ambulance_service","Seattle","0bffc6b5-7ae0-41f5-a57c-b7fa498f35f7","active",47.5432529,-122.3099239,"healthcare","Airlift Northwest","Van Asselt, Georgetown",98108,"hospitals_clinics",""
"Farmers Market Seattle, 5345 Ballard Ave NW","creperie","Seattle","19cfce24-bfa8-4464-b38f-37d08a1ee380","active",47.6673698,-122.3845155,"dining","La Crespella","Ballard",98107,"cafe",""
"1221 Madison St Suite 1220","gastroenterologist","Seattle","abba3f87-dd26-4afb-b587-08ba480e6c77","active",47.6096667,-122.3226272,"healthcare","LuLu Iles-Shih, M.D.","First Hill",98104,"specialties",""
"5350 Tallman Ave NW Suite 520","gastroenterologist","Seattle","7734861e-8d43-4d87-b490-e87efaa6a9f7","active",47.6681294,-122.3806774,"healthcare","Dr. Lulu Iles-Shih","Ballard",98107,"specialties",""
"811 Madison St","social_services_organization","Everett","3fa4bda8-f1c0-4947-b3fc-57a37bb34757","active",47.9367418,-122.2218403,"civil_society","Sunrise Supported Living","Evergreen",98203,"government",""
"1211 E Alder St","youth_care","Seattle","0459c779-28c3-4ada-808d-81dc309733a4","active",47.60411,-122.3164534,"civil_society","King County Youth Services","Little Saigon, Yesler Terrace",98122,"social_service",""
"11011 Meridian Ave N UNIT 311","pediatric_dentist","Seattle","689814b9-eaba-4cd4-8aa9-c8a0e32041b1","active",47.7089576,-122.3348007,"healthcare","Kidz Dental Haven","Haller Lake",98133,"specialties",""
