"ADDRESS","BUSINESS_CATEGORY","CITY","DATAPLOR_ID","DATAPLOR_STATUS","LATITUDE","LONGITUDE","MAIN_CATEGORY","NAME","NEIGHBORHOOD","POSTAL_CODE","SUB_CATEGORY","SUB_SUB_CATEGORY"
"288 Martin St #1","non_profit_organization","Blaine","007db0ec-2475-4c8f-9dca-1e077daee296","active",48.9933851,-122.7501036,"civil_society","Healthy Youth Coalition North County","",98230,"social_service",""
"4711 E 4th Plain Blvd","paving_contractor","Vancouver","71a2a27d-5179-4032-8667-e5f97891e714","active",45.6395669,-122.6209142,"home_services","Vancouver Public Works","Meadow Homes",98661,"services",""
"1222 Bronson Way N #120","doctor","Renton","fba5749e-5912-46a9-a23a-9be318ab8673","active",47.4843769,-122.2007899,"healthcare","Hughes Chiropractic & Massage","North Renton",98057,"specialties",""
"1721 Benson Rd","lodging","Point Roberts","6f4b7c68-2901-40b4-a8cf-5b78d9473924","inactive",48.9874283,-123.0603159,"travel","Judith Mann","",98281,"lodging",""
"1222 Bronson Way N #120","chiropractor","Renton","8261a470-df28-42d8-9bb7-dd7ea843258b","active",47.4843769,-122.2007899,"healthcare","Hughes Chiropractic and Massage","North Renton",98057,"specialties",""
"4020 Leary Wy NW #337","marketing_consultant","Seattle","1b11ef85-010e-4e87-b62f-fde2390a3590","active",47.6568343,-122.3623635,"professional_services","I2I Marketing Inc.","Fremont",98107,"licensed_professional",""
"3298 36th Ave S","city_park","Seattle","c2475671-ca04-42d5-b39a-5d3d29807ba2","active",47.5737307,-122.2871444,"civil_society","Horton Hill Corridor Stairs","Mount Baker",98144,"government",""
"12500 SE 2nd Cir Suite 210","financial_consultant","Vancouver","d93e8fac-6cb0-4d04-8a19-57fde1d5d51a","active",45.6212199,-122.5436923,"professional_services","Edward Jones - Financial Advisor: Kayla Gunderson, CFP®|ChFC®|CRPC™|CRPS™","Fircrest",98684,"licensed_professional",""
"One Tech Center, 1499 SE Tech Center Dr Suite 260","financial_consultant","Vancouver","95160054-8610-40a7-8f80-b21cd1140f31","active",45.6108705,-122.4996988,"professional_services","Edward Jones - Financial Advisor: Matthew C Van Dyke, CFP®","Bennington",98683,"licensed_professional",""
"203 SE Park Plaza Dr Suite 220","financial_consultant","Vancouver","c5ed79d8-560c-472f-8368-d8e937f2b94b","inactive",45.6209624,-122.5378642,"professional_services","Edward Jones - Financial Advisor: Nate Penland, AAMS™","Fircrest",98684,"licensed_professional",""
