"ADDRESS","BUSINESS_CATEGORY","CITY","DATAPLOR_ID","DATAPLOR_STATUS","LATITUDE","LONGITUDE","MAIN_CATEGORY","NAME","NEIGHBORHOOD","POSTAL_CODE","SUB_CATEGORY","SUB_SUB_CATEGORY"
"320 W Roy St #404","astrologer","Seattle","6888685c-1f9c-4f19-965f-d11b6915f551","inactive",47.6261521,-122.3614656,"professional_services","Astrology for Living Nancy Kahn","Uptown, Belltown",98119,"licensed_professional",""
"1959 NE Pacific St","oncologist","Seattle","004eb994-ffc8-40cb-ab38-96bf4e9ab122","active",47.6506935,-122.3091341,"healthcare","Jonathan L. Wright","University District",98195,"specialties",""
"15200 NE 116th St","park","King County","056aa835-07e6-454c-b21b-c9159f4c3dd3","active",47.7056609,-122.1382102,"civil_society","Sammamish River Regional Park","Sammamish Valley",98052,"social_service",""
"1940 Marine View Dr","marina","Tacoma","e50524be-c0a1-4dda-b6da-a2592c30d59c","active",47.2710869,-122.3739155,"civil_society","Hylebos Marina Inc","Northeast Tacoma",98422,"social_service",""
"1640 Brantingham Rd","window_cleaning_service","Richland","8671d6b7-7e91-4ade-a382-41b852ef4d1e","active",46.2323081,-119.2853524,"home_services","Wayne's Window Cleaning","South Richland",99352,"services",""
"5129 Evergreen Wy","cleaners","Everett","0ae7e3a5-d49b-42fe-85a1-90c08f216bfe","active",47.9498148,-122.213336,"home_services","Cascade Maids","South Forest Park",98203,"services",""
"9123 15th Ave NE","non_profit_organization","Seattle","281bfda2-8f05-42bc-b0c7-404361950c70","active",47.6956355,-122.3124708,"civil_society","Northwest Puppet Center","Maple Leaf",98115,"social_service",""
"11656 98th Ave NE","naturopathic_practitioner","Kirkland","f6ba7915-fb33-48d1-8898-67c7cbd4def8","active",47.7056377,-122.2101328,"healthcare","Dr. Radha Sinha, ND EAMP/LAc","Juanita",98034,"specialties",""
"55 S Atlantic St #306","wedding_photographer","Seattle","b386595a-a24b-4861-95fb-55d43f44fd25","active",47.5900636,-122.3360808,"professional_services","angela and evan photography","International District/Chinatown",98134,"licensed_professional",""
"6717 Roosevelt Way NE Suite 101","coffee_shop","Seattle","69a3e947-7382-449c-91d0-46e388ac5db6","active",47.677839,-122.3175938,"dining","Armistice Coffee Roosevelt","Green Lake",98115,"cafe",""
