"ADDRESS","BUSINESS_CATEGORY","CITY","DATAPLOR_ID","DATAPLOR_STATUS","LATITUDE","LONGITUDE","MAIN_CATEGORY","NAME","NEIGHBORHOOD","POSTAL_CODE","SUB_CATEGORY","SUB_SUB_CATEGORY"
"3114 SE 147th Pl","apartment_complex","Vancouver","b2bdb57f-7aac-4c2d-b980-5caaa506405e","active",45.5980288,-122.520583,"civil_society","The Springs at Fisher's Landing","Cascade Southeast",98683,"social_service",""
"3210 NE 52nd St","non_profit_organization","Vancouver","dc6c7e15-29c6-4281-bf89-522c2b03ae51","active",45.6601202,-122.6368966,"civil_society","Watershed Alliance of Southwest Washington","West Minnehaha",98663,"social_service",""
"2111 N Northgate Way","business_center","Seattle","92ed95d1-e01c-408b-92a7-8b7ef36b6e57","active",47.7084083,-122.3333511,"civil_society","Northgate Meridian Building","Haller Lake",98133,"social_service",""
"222 NE Park Plaza Dr Ste 111","naturopathic_practitioner","Vancouver","91e64cfb-a297-4ed7-8a2b-fb959d767594","active",45.6218103,-122.5410114,"healthcare","Natural Family Medicine","Fircrest",98684,"specialties",""
"501 E McLoughlin Blvd","acupuncturist","Vancouver","1fa04e08-7fa3-4820-8035-39aabcc57839","active",45.6346354,-122.666873,"healthcare","Flourish LLC: Jaymie Mackler","Arnada",98663,"specialties",""
"1409 Franklin St Suite 103","acupuncturist","Vancouver","810cead9-437b-42f4-810e-7ec0bd53b422","active",45.6321689,-122.6766825,"healthcare","Dr. Sarah Larson","Esther Short",98660,"specialties",""
"3200 SE 164th Ave # 207","naturopathic_practitioner","Vancouver","15f60f52-6a73-4511-9918-818faa6f423a","inactive",45.5979611,-122.505629,"healthcare","Dr. Shannon Reive","Fairway/164th",98683,"specialties",""
"1498 SE Tech Center Pl Building 607, Suite 300","health_insurance_agency","Vancouver","469c1fed-5f4f-42dc-b1fb-1c06f51ac6d1","inactive",45.6108553,-122.5011671,"healthcare","Humana MarketPoint","Bennington",98683,"specialties",""
"805 Columbia Ridge Dr","preschool","Vancouver","4d89ce5b-baf6-4824-b1dc-66e3efd994fe","active",45.6148039,-122.5808594,"civil_society","Circle of Friends Preschool","Vancouver Heights",98664,"educational",""
"1423 Pavel Rd","state_government_office","Clallam County","9f24bd3f-3375-4d2f-87c8-3cf673134eef","active",48.055473,-124.306113,"civil_society","SolDuc Hatchery","Sappho",98305,"government",""
