"ADDRESS","BUSINESS_CATEGORY","CITY","DATAPLOR_ID","DATAPLOR_STATUS","LATITUDE","LONGITUDE","MAIN_CATEGORY","NAME","NEIGHBORHOOD","POSTAL_CODE","SUB_CATEGORY","SUB_SUB_CATEGORY"
"120 1st Ave S","art_gallery","Seattle","4bd14cea-83a5-4b04-850d-395451f6fe0a","active",47.601002,-122.333922,"entertainment_and_recreation","TASWIRA Gallery","International District/Chinatown",98104,"performance_entertainment",""
"1122 E Pike St #1488","non_profit_organization","Seattle","b0e0457f-729d-464c-8a4b-2a1f6d99685c","active",47.614279,-122.317045,"civil_society","Camp Ten Trees","Capitol Hill",98122,"social_service",""
"1122 E Pike St #936","news_service","Seattle","a2f929d0-ab7c-4f8c-b5d9-c275f58742d6","active",47.6142779,-122.3172153,"professional_services","Equality 365","First Hill",98122,"specialized_services",""
"1122 E Pike St # 1015","non_profit_organization","Seattle","fe0ffe4d-0b2c-4608-a8cf-fdc187f21a52","active",47.6142577,-122.3172415,"civil_society","Out For Sustainability","First Hill",98122,"social_service",""
"10237 Main St","real_estate_agents","Bellevue","e2e48dd2-e982-45f9-89d3-15d2b0428f6a","active",47.6099825,-122.2034969,"professional_services","Doris Ong Real Estate","Moorland",98004,"licensed_professional",""
"196th St SW","shoe_repair_shop","Lynnwood","fda7d92b-d8a0-4222-b11f-bfb78072c5ad","active",47.8219569,-122.2951643,"retail","Lynnwood Boot and Shoe Repair","",98036,"",""
"7409 W Grandridge Blvd # B","dental_implants_periodontist","Kennewick","82c5c25d-6592-4b63-93ff-ed0a8563ece7","active",46.2178326,-119.2230916,"healthcare","Tri-Cities Periodontics & Implants","",99336,"specialties",""
"Longmire Springs Brewing, 112 Norman Way","thai_restaurant","Packwood","6c0bbd6c-292b-457a-b87e-f286d31472c2","active",46.6005331,-121.6784489,"dining","Zest Srithai FOOD TRUCK","",98361,"specialized_cuisine",""
"3303 NE 44th St UNIT 6","massage_therapist","Vancouver","7ae6ded3-3b8b-4212-9eb0-d90ef3f2d2b4","active",45.652958,-122.637085,"healthcare","Four Paws Massage: Peggy Osborne,LMP,SAMP","West Minnehaha",98663,"hospitals_clinics",""
"FluentPro Software Corporation, 1275 12th Ave NW Suite 2","software_company","Issaquah","430060c1-a80e-46a2-a4b1-9685ca0cb495","active",47.543979,-122.058097,"professional_services","FluentPro","Newport",98027,"specialized_services",""
