"ADDRESS","BUSINESS_CATEGORY","CITY","DATAPLOR_ID","DATAPLOR_STATUS","LATITUDE","LONGITUDE","MAIN_CATEGORY","NAME","NEIGHBORHOOD","POSTAL_CODE","SUB_CATEGORY","SUB_SUB_CATEGORY"
"20462 84th Ave S","warehouse","Kent","3caeff52-2377-4198-985a-4d854081bc46","active",47.4184232,-122.2261311,"retail","Frank Winne & Son, Inc","",98032,"",""
"Nor'Wester, 3675 Lexington St","association_or_organization","Island County","2afe2554-e7af-4b6b-9900-1097304f5205","active",48.3433356,-122.6812809,"civil_society","Fleet & Family Support Center","",98278,"social_service",""
"25 W Main St","city_government_office","Auburn","cb02450f-b231-483e-831d-a395b3b4d843","active",47.3078362,-122.230549,"civil_society","Auburn City Jobline","Downtown",98001,"government",""
"16528 E Desmet Ct Suite A2200","gastroenterologist","Spokane Valley","bc81e4db-2d9d-4f69-8bbe-e827beaec9f5","active",47.6669536,-117.1806252,"healthcare","Ali Gaskari, MD, PhD","Veradale",99216,"specialties",""
"224 W Valley Rd","eye_care_center","Moses Lake","ad5ad8af-96ee-45b9-a8af-306b5959f653","inactive",47.1389556,-119.2815838,"healthcare","Valley Eye Care","",98837,"hospitals_clinics",""
"1300 Washington St #200","vegan_restaurant","Vancouver","86fb2f06-cfd5-453f-8d65-f6168b7ed1ab","active",45.6312068,-122.6730208,"dining","Scratch Breakfast","Esther Short",98660,"diner",""
"64713 NE 175th St","lodging","King County","d80edb99-adbb-439f-a484-4a553eae6353","active",47.7562359,-121.4694825,"travel","RUSTIC RIVER PARADISE","",98251,"lodging",""
"8854 WA-525","stained_glass_studio","Clinton","7eeeee27-e2bf-4e3e-a192-e040216a7686","inactive",47.9790906,-122.3562505,"retail","Soulshine Glassworks","",98236,"",""
"936 N 89th St","family_day_care_service","Seattle","5f29fb4d-b56b-4c5e-8e14-6ab0de1918ca","active",47.6937032,-122.3456399,"civil_society","ANGELS NEST Early Learning Family Childcare","Licton Springs, Greenwood",98103,"social_service",""
"1531 Melrose Ave","us_pacific_northwest_restaurant","Seattle","cf59d33b-66f7-4793-8812-fbbf66b55d99","inactive",47.6148129,-122.3281096,"dining","Sitka and Spruce","Central Business District, First Hill",98122,"specialized_cuisine",""
