"ADDRESS","BUSINESS_CATEGORY","CITY","DATAPLOR_ID","DATAPLOR_STATUS","LATITUDE","LONGITUDE","MAIN_CATEGORY","NAME","NEIGHBORHOOD","POSTAL_CODE","SUB_CATEGORY","SUB_SUB_CATEGORY"
"9201 Rainier Ave S","apartment_building","Seattle","92f6f62b-ec1a-4afd-ba6f-d993fc0a339c","active",47.520621,-122.27049,"professional_services","Barton Place","Rainier Beach",98118,"specialized_services",""
"2442 Westlake Ave N","boat_dealer","Seattle","2d9b8df3-6725-4db2-aee9-70228d10c701","active",47.640768,-122.3418487,"transportation_services","Marine Servicenter Seattle","Westlake, Fremont",98109,"",""
"3250 SW Avalon Way","apartment_building","Seattle","609c3d62-bf0e-49a4-b4ef-89c84fa4c3dc","active",47.5643588,-122.3746836,"professional_services","Avalon West Apartments","West Seattle",98126,"specialized_services",""
"1375 NW Mall St #6","chocolate_shop","Issaquah","44f460c1-ad6e-4809-8127-18919ad03969","active",47.5437938,-122.0592399,"retail","Fortunato Chocolate - Factory and Retail Shop","Newport",98027,"",""
"5608 17th Ave NW Suite 1669","counselor","Seattle","39d3d9ee-48f9-48dd-b283-f6c5b7286f8b","active",47.6696163,-122.3785128,"professional_services","Allison Fine - Counseling for Inner Balance","Ballard",98107,"licensed_professional",""
"2218 Marine View Dr","boat_repair_shop","Tacoma","8dd8cff9-a805-4b92-bd5d-45043cfe27c2","active",47.2737803,-122.3787045,"professional_services","Modutech Marine Inc","Northeast Tacoma",98422,"specialized_services",""
"1959 NE Pacific St","university_hospital","Seattle","3bc506ec-b6f0-4534-b8d6-38670709b02d","active",47.6501843,-122.3087433,"healthcare","University of Washington - Nuclear Medicine","University District",98195,"hospitals_clinics",""
"4385 11th Ave NW","boat_repair_shop","Seattle","3646a372-2ac6-4ec5-a51a-fab7e4275c1a","active",47.6608335,-122.3709885,"professional_services","Northwest Marine Fiberglass","Phinney Ridge",98107,"specialized_services",""
"10225 Peshastin Mill Rd","fruits_wholesaler","Chelan County","e75edaeb-73bc-4775-b38c-978afb4db770","active",47.5741291,-120.6092411,"retail","Peshastin Hi-Up Growers","",98847,"",""
"104 17th Ave S","arts_organization","Seattle","2a19294c-c242-4122-83ca-ea405f612c15","active",47.6013157,-122.3098686,"civil_society","Langston Hughes Performing Arts Institute","Little Saigon, Central District",98144,"social_service",""
