"ADDRESS","BUSINESS_CATEGORY","CITY","DATAPLOR_ID","DATAPLOR_STATUS","LATITUDE","LONGITUDE","MAIN_CATEGORY","NAME","NEIGHBORHOOD","POSTAL_CODE","SUB_CATEGORY","SUB_SUB_CATEGORY"
"14435 C St S #19th","apartment_building","Pierce County","e4137d46-23c8-4463-8407-f1e8cb154bad","active",47.125472,-122.4367108,"professional_services","Arborcrest Apartments","",98444,"specialized_services",""
"21701 Hwy 99","oil_change_service","Lynnwood","00997e15-6ab1-4e15-b153-14d6828c4632","active",47.8022163,-122.3291102,"automotive_services","Jeff's Auto Repair","",98036,"",""
"1916 Pike Pl","consultant","Seattle","fef923e8-b155-4307-b9d3-1c0a8cdb63d7","active",47.6101038,-122.3424979,"professional_services","Law Office of Lourdes Fuentes, PLLC","Belltown",98101,"licensed_professional",""
"5608 17th Ave NW suite 1516","psychotherapist","Seattle","99843060-5526-46a4-8d36-75756f0ab656","active",47.6696163,-122.3785128,"healthcare","Martha Aguilar, LMFT","Ballard",98107,"specialties",""
"14816 1st Ave S","restaurant","Burien","00851166-9cf0-4b95-bebd-6f885b531694","inactive",47.4702534,-122.3334273,"dining","Los Arcos De Belén","Highline",98168,"diner",""
"232 Burnett Ave S","apartment_rental_agency","Renton","dfc5eabe-ac48-4a5c-91d6-7d8212c4bf04","active",47.4805946,-122.2075119,"home_services","Metropolitan Place Apartments","Downtown Renton",98057,"",""
"Astra Hotel Seattle, 300 Terry Ave N Atop","bar","Seattle","6206f44e-a82b-4bba-9906-1211611bcea3","active",47.6211254,-122.3369902,"bars","ALTITUDE Sky Lounge","South Lake Union, Belltown",98109,"specialized",""
"621 S Jackson St","apartment_building","Seattle","ab24f487-7e01-4d9c-8182-59a8c1614702","active",47.5990436,-122.3254339,"professional_services","Bush Hotel","Little Saigon, International District/Chinatown",98104,"specialized_services",""
"117 3rd Ave S","parking_garage","Seattle","14be52ba-0b03-42c4-ad55-8f0cea69c773","active",47.6012334,-122.3305607,"civil_society","Butler Parking Corporation","West Edge, International District/Chinatown",98104,"social_service",""
"329 N Kellogg St","real_estate_agency","Kennewick","de6e754c-fa11-4b89-9f2d-f8ea20a31d4d","active",46.2136045,-119.2016312,"professional_services","Sandra Garza - Retter & Company","",99336,"specialized_services",""
