"ADDRESS","BUSINESS_CATEGORY","CITY","DATAPLOR_ID","DATAPLOR_STATUS","LATITUDE","LONGITUDE","MAIN_CATEGORY","NAME","NEIGHBORHOOD","POSTAL_CODE","SUB_CATEGORY","SUB_SUB_CATEGORY"
"2900 NE Blakeley St","neurologist","Seattle","156a8e70-b3bf-495d-9834-22c822548ab6","inactive",47.665815,-122.2963509,"healthcare","Neurologist Dr. Ilene Ruhoy","University District",98105,"specialties",""
"1255 Barkley Blvd bldg 109","liquor_store","Bellingham","5c5d6a27-b070-4a6e-a426-5970a4ffbf3d","inactive",48.7716584,-122.4586445,"retail","Liquor & Wine Store","Roosevelt",98226,"",""
"15220 SE 272nd St SUITE D","chiropractor","Kent","6f19dc19-182d-48ff-93aa-d6063f18ef17","active",47.3585704,-122.1382661,"healthcare","Dr. Jack Mcinerny","",98042,"specialties",""
"4241, 15220 SE 272nd St # D","chiropractor","Kent","d2710d22-8a30-46b2-95e4-51b5b5a8d41c","active",47.3585162,-122.1384841,"healthcare","Kent Kangley Chiropractic","",98042,"specialties",""
"6405 NE 116th Ave Suite 102","chiropractor","Clark County","7f787c70-211b-4cdf-b6d2-b679c6fde8e4","active",45.668979,-122.5539763,"healthcare","Dr. Vanessa Wulff, DC","Maple Tree",98662,"specialties",""
"6405 NE 116th Ave #106","chiropractor","Clark County","2159f4e8-0c72-4217-ab74-8fa9540cc856","active",45.6689916,-122.5541185,"healthcare","Balanced Living Chiropractic || Dr. Joseph Perin, DC","Maple Tree",98662,"specialties",""
"15209 SE 272nd St","gas_station","Kent","155ed270-7761-418f-9b3f-3551dda99d1e","inactive",47.3577426,-122.1385121,"retail","Shell","",98042,"",""
"11314 4th Ave W UNIT 108","midwife","Snohomish County","962ba90b-d01c-4648-96a2-b57aad71996e","inactive",47.8954807,-122.2394765,"healthcare","Bayside Birth & Midwifery","",98204,"specialties",""
"701 5th Ave #7340","mortgage_lender","Seattle","a5c67e15-911a-4fc6-9444-1f19b9e245fa","inactive",47.6045052,-122.3306041,"transportation_services","Columbia Funding Inc","West Edge, First Hill",98104,"private_transportation",""
"625 Black Lake Blvd SW","game_store","Olympia","282f4c6f-ce6a-48eb-9486-290e9a400da4","inactive",47.0421411,-122.9355343,"retail","Forever Knight Games","",98502,"",""
