"ADDRESS","BUSINESS_CATEGORY","CITY","DATAPLOR_ID","DATAPLOR_STATUS","LATITUDE","LONGITUDE","MAIN_CATEGORY","NAME","NEIGHBORHOOD","POSTAL_CODE","SUB_CATEGORY","SUB_SUB_CATEGORY"
"1374 School Trl","campground","San Juan County","865a87f4-c01f-408c-980c-f516a74711ff","active",48.6766268,-123.2043656,"entertainment_and_recreation","Kristiansen Campground","",98250,"",""
"150 Cessna Ave","radio_broadcaster","San Juan County","74a2bcfd-54ba-45fa-a355-faf95c239a5f","active",48.612074,-123.1457215,"entertainment_and_recreation","NW Digital Radio","Roche Harbor",98250,"sports_and_recreation",""
"79 Wild Turkey Run","debris_removal_service","San Juan County","51bcc267-ffe7-4c5b-8d8a-e452722e1b00","active",48.697841,-122.9132949,"automotive_services","Island Shenanigans","",98245,"",""
"14 Fieldstone Rd","contractor","San Juan County","b523e105-65fd-4a14-94ea-e91e5f8358ce","inactive",48.5599946,-123.1502797,"professional_services","Island Shelter Company","",98250,"licensed_professional",""
"208 Enchanted Forest Rd","metal_fabricator","San Juan County","3f9a2c99-48df-4f43-847a-aa144ff002e4","inactive",48.6996658,-122.9111865,"professional_services","Salish Metalworks","",98245,"",""
"Cape Flattery Trail","hiking_area","Clallam County","76fead14-7326-4ecf-8aba-fa3016ca71ee","active",48.3850205,-124.7159451,"entertainment_and_recreation","Cape Flattery Trailhead","",98357,"sports_and_recreation",""
"7997 Roche Harbor Rd","flooring_contractor","San Juan County","cd4f8876-c5df-4229-b356-ba3917cac725","inactive",48.6020361,-123.1336519,"home_services","Heather Nicholson","",98250,"services",""
"Lime Kiln Point State Park, 1567 West Side Rd","education_center","San Juan County","ab0dd3e2-8af3-4541-817f-33137aba53ad","active",48.5151727,-123.1500377,"civil_society","Lime Kiln Point Interpretive Center","",98250,"educational",""
"Country Meadow Road.","dog_trainer","Jefferson County","771043cd-841c-45d4-9b16-c5d5175ea26f","active",47.976129,-122.783159,"professional_services","Dog Barn Training","",98325,"licensed_professional",""
"221 Private Pl","vacation_home_rental_agency","San Juan County","db951cae-9e97-4484-a230-e3f178542f51","active",48.5430824,-123.0879151,"travel","Cabin at Willows Pond","",98250,"lodging",""
