"ADDRESS","BUSINESS_CATEGORY","CITY","DATAPLOR_ID","DATAPLOR_STATUS","LATITUDE","LONGITUDE","MAIN_CATEGORY","NAME","NEIGHBORHOOD","POSTAL_CODE","SUB_CATEGORY","SUB_SUB_CATEGORY"
"PORT MADISON BUILDING, 730 Ericksen Ave NE","acupuncture_clinic","Bainbridge Island","586f7bee-496b-4950-8d9f-64eb7e43e7c1","inactive",47.6310922,-122.5166014,"healthcare","Zindell Acupuncture","Winslow",98110,"specialties",""
"3318 N Proctor St","cleaning_service","Burlington","53b36d49-54be-442f-b618-505ae268e80c","active",48.4732125,-122.3387326,"home_services","Busy Girl Cleaning & Home Projects","North End",98407,"services",""
"161 Sunset Dr","window_tinting_service","Island County","acc9c494-60bc-4a47-adb5-d9e523a308c5","active",48.3372671,-122.6070251,"home_services","Island Tinting","",98277,"services",""
"2801 Alaskan Way, Pier 70 - Suite 300, 2801 Alaskan Wy # 300","lawyer","Seattle","02f3e2da-c5f7-4e9d-bae2-bc96ee5e61ee","inactive",47.6147343,-122.3548708,"professional_services","Miller Nash Graham & Dunn LLP: Berry Douglas C","Belltown",98121,"licensed_professional",""
"Bellis Fair, 1 Bellis Fair Pkwy","skin_care_products_vending_machine","Bellingham","feab3836-74a4-4d85-a32e-37ee6d04877f","active",48.7856618,-122.4904472,"beauty","Proactiv Automated Kiosk","Parkview",98226,"cosmetics","skin_care_products"
"525 NE Northgate Way","apartment_complex","Seattle","b646024e-a44d-48a3-825a-d253790f4e1e","active",47.708353,-122.321329,"civil_society","525 at the Enclave","Northgate",98125,"social_service",""
"Unnamed Road","hiking_area","San Juan County","4edd6fad-3eaa-4b44-af04-c2860ded4f95","active",48.7029454,-122.8934952,"entertainment_and_recreation","Crescent Beach Trailhead","",98245,"sports_and_recreation",""
"10740 Meridian Ave N suite 110","mental_health_clinic","Seattle","41fef9bf-2495-4dbf-a406-13283245f25c","active",47.7080111,-122.3331885,"healthcare","Mindful Therapy Group - Northgate","Maple Leaf",98133,"hospitals_clinics",""
"9501 5th Ave NE","physiotherapist","Seattle","33ac5d12-ddd3-416a-a31f-279f6e68f0cc","active",47.697819,-122.3233061,"healthcare","NorthSound Physical Therapy And Work Rehabilitation Center","Maple Leaf",98115,"specialties",""
"10564 5th Ave NE #205","physiotherapy_center","Seattle","bf1e93c8-25b6-4899-bc4e-26efa150dc95","active",47.7067609,-122.3227423,"healthcare","RET Physical Therapy & Healthcare Specialists","Northgate",98125,"hospitals_clinics",""
