"ADDRESS","BUSINESS_CATEGORY","CITY","DATAPLOR_ID","DATAPLOR_STATUS","LATITUDE","LONGITUDE","MAIN_CATEGORY","NAME","NEIGHBORHOOD","POSTAL_CODE","SUB_CATEGORY","SUB_SUB_CATEGORY"
"900 Lenora St","condominium_complex","Seattle","f66bac46-d1ca-491a-9c80-8b47c813f3de","active",47.6175501,-122.337082,"civil_society","2200 Westlake Condos","South Lake Union, Belltown",98121,"social_service",""
"1422 Beach Dr NE #3","physiotherapist","Pierce County","fc9610fc-5f86-4b75-9c35-dd7ad33b08d3","active",47.3191936,-122.4279559,"healthcare","Calm Waters Physical Therapy","Dash Point",98422,"specialties",""
"3902 52nd St Ct E","building_materials_store","Waller","501a0115-62e8-425b-b166-3ce22deae0c6","inactive",47.2090271,-122.3766556,"retail","Sap Enterprises, Inc.","",98443,"",""
"6344 NE 74th St #103","office","Seattle","b722b569-9812-44ed-9555-958385bc6d19","active",47.6826029,-122.2596076,"professional_services","Thistle Theatre (Office)","Sand Point",98115,"",""
"2012 S 320th St Ste O","night_club","Federal Way","957e1a2a-61a3-4853-81db-e36126ad7c6b","active",47.3169665,-122.3067547,"entertainment_and_recreation","Armani Night Club","",98003,"sports_and_recreation",""
"1155 N State St Suite 306","acupuncturist","Bellingham","ec779709-a8fb-4ff0-985b-795dfd0f9605","active",48.7473916,-122.4792176,"healthcare","Avalon Acupuncture and Chinese Medicine, LLC","City Center",98225,"specialties",""
"12609 Ambaum Blvd SW","chicken_restaurant","Burien","73745b5d-3bdb-419e-b6f7-be5e654bda76","active",47.489958,-122.3504936,"dining","Krispy Krunchy Chicken","Mount View",98146,"diner",""
"1908 201st Pl SE Apt 200","periodontist","Snohomish County","5ef864a0-3f54-48ea-8a7c-1771b5672e93","inactive",47.8155455,-122.2065444,"healthcare","Dr. Sofia Petrov","Kennard Corner",98012,"specialties",""
"9115 Roosevelt Way NE #3","auto_repair_shop","Seattle","cd809e4d-feb4-42f9-b674-ded8ff26f941","inactive",47.695428,-122.3179633,"automotive_services","SEATTLE SUBARU AUTO REPAIR","Maple Leaf",98115,"automobile","repair"
"16122 8th Ave SW # D3","acupuncturist","Burien","c0499adb-831a-44ec-8415-7044f1548d04","active",47.4584127,-122.3423427,"healthcare","Red Leaf Natural Medicine","Five Corners",98166,"specialties",""
