"ADDRESS","BUSINESS_CATEGORY","CITY","DATAPLOR_ID","DATAPLOR_STATUS","LATITUDE","LONGITUDE","MAIN_CATEGORY","NAME","NEIGHBORHOOD","POSTAL_CODE","SUB_CATEGORY","SUB_SUB_CATEGORY"
"1605 NW Gilman Blvd","gas_station","Issaquah","f9013e4d-f07a-4632-9299-13a308252452","active",47.5454027,-122.0615341,"retail","Jacksons Food Stores","Newport",98027,"",""
"1420 N 45TH ST","gas_station","Seattle","2f1aa2c4-7cf9-460c-9a5d-91d356bdf419","active",47.66157,-122.33967,"retail","Shell","Wallingford",98103,"",""
"17424 Hwy 99 #103","clothing_store","Lynnwood","a2376f43-31da-4ab6-9d86-acb49513381b","active",47.8408804,-122.300068,"retail","BOOLTINA (불티나)","Beverly Acres",98037,"",""
"203 Kirkland Ave","beauty_salon","Kirkland","57ee4da8-4068-40ab-940b-ccd807d6c026","active",47.6753663,-122.2048423,"beauty","Light & Shade Salon","Moss Bay",98033,"personal_grooming","beauty_and_hair_parlors"
"203 Kirkland Ave","beauty_salon","Kirkland","a2c1fc09-c2d8-4679-bd78-5b9bb3a3e7d4","active",47.6753663,-122.2048423,"beauty","Helen Tribble","Moss Bay",98033,"personal_grooming","beauty_and_hair_parlors"
"623 Market St","condominium_complex","Kirkland","008183c7-5ee2-4d53-988e-3355f063ccb4","active",47.6802276,-122.2098033,"civil_society","Leland Place","Market",98033,"social_service",""
"602 E 25th St #2","escape_room_center","Tacoma","a1d06fb6-be0b-4edc-aceb-03d447c8d678","active",47.2399022,-122.4259929,"civil_society","Escape Frieghthouse Station Challenge","New Tacoma",98421,"social_service",""
"3773 Martin Way E","massage_therapist","Olympia","fd1df595-706c-4ce6-a8ec-439dc847561d","inactive",47.0469167,-122.8427099,"healthcare","Mollie E. Johnson, LMT","",98506,"hospitals_clinics",""
"1215 Regents Blvd Suite 1A","real_estate_agents","Fircrest","77516360-f363-4ab7-9e3d-109767350c11","inactive",47.239016,-122.520514,"professional_services","Hawkins-Poe, Inc: Julie Anderson","Oakridge homes",98466,"licensed_professional",""
"4757 36th Ave S","naturopathic_practitioner","Seattle","e9fb74ee-ce07-4304-9a84-5368ea43674e","inactive",47.5590685,-122.2879565,"healthcare","Julie Anderson, ARNP","Columbia City, Rainier Valley",98118,"specialties",""
