"ADDRESS","BUSINESS_CATEGORY","CITY","DATAPLOR_ID","DATAPLOR_STATUS","LATITUDE","LONGITUDE","MAIN_CATEGORY","NAME","NEIGHBORHOOD","POSTAL_CODE","SUB_CATEGORY","SUB_SUB_CATEGORY"
"2001 6th Ave #2700","non_profit_organization","Seattle","8ae3d0f7-6dc2-4cb9-a92d-85897394ca5f","active",47.614358,-122.3388642,"civil_society","Washington State Obstetrical Association","Central Business District, Belltown",98121,"social_service",""
"13321 11th Ave W","moving_and_storage_service","Snohomish County","551592e5-ac8a-42f5-b1c2-d04d82d3ab80","active",47.8772475,-122.2484398,"professional_services","Neo Moving LLC: Movers Woodinville, Seattle","Woodinville Junction",98204,"",""
"1401 Marvin Rd NE","association_or_organization","Lacey","f50246af-813f-4629-a19f-25d7284fb64e","active",47.0589584,-122.7665282,"civil_society","WSAE","",98516,"social_service",""
"2150 N 107th St #205","non_profit_organization","Seattle","e935d36a-0216-4763-8830-d1748edff16f","active",47.707446,-122.3317103,"civil_society","Washington State Society of Anesthesiologists","Northgate",98133,"social_service",""
"11018 Springhetti Rd","antique_store","Snohomish County","c81c3dd1-6341-4815-b27e-3c3debd2fd12","active",47.8956326,-122.106478,"retail","The Heritage Barn","Bromart",98296,"",""
"9322 Paradise Lake Rd","assemblies_of_god_church","Snohomish County","405c3032-74dd-4756-9684-948565275ae3","active",47.8003666,-122.106115,"civil_society","The Church at Maltby","",98296,"social_service",""
"9727 212th St SE","welder","Snohomish County","13895464-063c-4073-a3fa-9328dee7d727","inactive",47.8050564,-122.1007086,"professional_services","Maltby Metal Arts Welding","",98296,"licensed_professional",""
"9322 Paradise Lake Rd","assemblies_of_god_church","Snohomish County","106f7ae5-2f1f-4683-a5e3-97ff0e62fac8","active",47.8003666,-122.106115,"civil_society","The Church at Maltby","",98296,"social_service",""
"20225 Broadway Ave","corporate_office","Snohomish County","e5968637-18b5-4a8e-a797-04698a772261","active",47.8131762,-122.1095634,"civil_society","Maltby Container","",98296,"",""
"17429 Vashon Hwy SW # 1","real_estate_agents","King County","07f47c43-c6cf-448e-81e6-2320ca19ef73","active",47.4483843,-122.4609692,"professional_services","Connie Cunningham, Windermere Vashon Island Realtor","Roseballen",98070,"licensed_professional",""
