"ADDRESS","BUSINESS_CATEGORY","CITY","DATAPLOR_ID","DATAPLOR_STATUS","LATITUDE","LONGITUDE","MAIN_CATEGORY","NAME","NEIGHBORHOOD","POSTAL_CODE","SUB_CATEGORY","SUB_SUB_CATEGORY"
"619 N 35th St #314","massage_therapist","Seattle","4d970f6d-3077-42d4-a201-af4a320c15f4","active",47.6503418,-122.3504682,"healthcare","Emerald Vine Massage","Fremont",98103,"hospitals_clinics",""
"515 E 39th St","naturopathic_practitioner","Vancouver","927a8a67-65a9-40ef-ab30-a8c20acfc8a4","active",45.6497069,-122.6665941,"healthcare","Cynthia Bye, ND, FABNO. Certified Cancer Care.","Shumway",98663,"specialties",""
"1201 3rd Ave #4800","lawyer","Seattle","b0701c89-dd93-4833-87d1-bc74f9e12239","active",47.6072147,-122.3361265,"professional_services","Williams James F","Central Business District, First Hill",98101,"licensed_professional",""
"3786 Olga Rd","park","San Juan County","297a0792-6013-4371-94a9-ffdb6789e5b9","active",48.6552435,-122.8554715,"civil_society","Fishing Dock - Public","",98279,"social_service",""
"2901 Squalicum Pkwy","family_practice_physician","Bellingham","f85adf4f-8d3d-4308-af31-92a9348d2760","active",48.7730086,-122.4739134,"healthcare","Lora C. Sherman MD","Cornwall Park",98225,"specialties",""
"2850 Flagler Rd","park","Jefferson County","8c9ed582-6100-42aa-9b8e-727afad3f314","active",48.0321445,-122.7291623,"civil_society","Portage Beach","Nordland",98358,"social_service",""
"6403 NE 117th Ave","dentist","Clark County","01b9ef13-0323-43e4-bea9-6d15a1259f27","inactive",45.6689696,-122.5521644,"healthcare","Dr. Joshua Williams","Sifton",98662,"specialties",""
"2794, 8611 NE Ward Rd #103","dentist","Clark County","98103841-cea8-493a-b5ba-913e6979e41a","active",45.6851788,-122.5045675,"healthcare","Arbor Dental: Steven G. Marandas DMD","Heritage",98682,"specialties",""
"3917 NE 102nd Ave","hiking_area","Vancouver","8fb09ef8-7307-4d49-bba7-f73a4a642583","inactive",45.6506146,-122.5683434,"entertainment_and_recreation","Beaver Marsh trailhead","Kevanna Park",98662,"sports_and_recreation",""
"905 Squalicum Way Ste 101","physician_assistant","Bellingham","e2c90048-3fe9-477b-9452-82f95ddc8d2e","active",48.7660158,-122.503361,"healthcare","Deborah Sherman-Groda PA-C","Birchwood",98225,"specialties",""
