"ADDRESS","BUSINESS_CATEGORY","CITY","DATAPLOR_ID","DATAPLOR_STATUS","LATITUDE","LONGITUDE","MAIN_CATEGORY","NAME","NEIGHBORHOOD","POSTAL_CODE","SUB_CATEGORY","SUB_SUB_CATEGORY"
"3635 Haxton Way","ranch","Whatcom County","46425dd4-1cc5-41ce-9125-eb49b0e61b29","inactive",48.773701,-122.6454959,"entertainment_and_recreation","Curran Ranch","",98226,"",""
"West Laurel Street at, Granary Ave","historical_landmark","Bellingham","5fe3c09f-5105-40b8-a8a3-d8f5b1d3a623","active",48.7482673,-122.4865039,"civil_society","Boardmill Building","City Center",98225,"social_service",""
"1905 James St","antique_store","Bellingham","7cd76447-0dca-44b8-b1de-53fa1e0ab0ab","active",48.7554103,-122.4652675,"retail","Clothes Rack-Womens Consignment","Sunnyland",98225,"",""
"3340 NE 125th St","dentist","Seattle","8f459dd6-7169-460f-b2a9-083b41e82402","active",47.7194304,-122.2911656,"healthcare","Lake City Dental Group","Lake City",98125,"specialties",""
"Sinlahekin Creek Rd","tourist_attraction","Okanogan County","7fccd943-e3b5-43f5-aade-6fd4753ee73c","active",48.6289224,-119.6880283,"travel","Sinlahekin Wildlife Area - Sinlahekin Unit","",98855,"vacation_services",""
"32185 US-97","metal_fabricator","Okanogan County","08467a8c-cecb-4b79-89aa-1f75fd6d4b36","active",48.8108194,-119.4007901,"professional_services","Hydemade","",98844,"",""
"911 Fir St","handicraft_fair","Oroville","172cfee4-fd0c-4c8f-b998-83c1c6b9aa29","inactive",48.9336673,-119.43388,"entertainment_and_recreation","Made in Okanogan County","",98844,"sports_and_recreation",""
"2121 NE 139th St Suite 325","physiotherapy_center","Clark County","838a6489-6256-4feb-8c76-dcd0b851c472","active",45.7215617,-122.6482468,"healthcare","Rebound Physical Therapy - Salmon Creek","Fairgrounds",98686,"hospitals_clinics",""
"32288 US-97","metal_processing_company","Okanogan County","42661269-1348-4aa7-b802-7d05a50d37f2","active",48.8139829,-119.4000994,"professional_services","Cuttin' Steel & Recycling","Ellisforde",98844,"",""
"1652-1698 Loomis-Oroville Rd","park","Okanogan County","9f5291fb-be40-4b79-b1ed-e201e3f9a453","active",48.8741571,-119.6213431,"civil_society","Bureau of Land Management Split Rock Recreation Area","Nighthawk",98855,"social_service",""
