"ADDRESS","BUSINESS_CATEGORY","CITY","DATAPLOR_ID","DATAPLOR_STATUS","LATITUDE","LONGITUDE","MAIN_CATEGORY","NAME","NEIGHBORHOOD","POSTAL_CODE","SUB_CATEGORY","SUB_SUB_CATEGORY"
"710 George Washington Way Ste N","chiropractor","Richland","d5e6a544-f99e-4a8c-9981-18a83803ff94","active",46.2752895,-119.2733206,"healthcare","Joel Gibb","",99352,"specialties",""
"300 Torbett St","chiropractor","Richland","df9e7f94-a69b-4747-825c-dbf58cf98f99","active",46.2924455,-119.2774444,"healthcare","Michael S. Anglesey, DC","Gold Coast District",99354,"specialties",""
"325 Wellsian Way","chiropractor","Richland","94135bb1-015e-4d80-bee9-6bf9d1c86676","active",46.2687379,-119.2857542,"healthcare","Garberg Chiropractic","",99352,"specialties",""
"1305 Fowler St Ate 1C","chiropractor","Richland","90b756c5-4e26-4711-960d-e2162e3ae5ab","active",46.2342525,-119.2329183,"healthcare","Eric R. Kurtz, DC","Island View",99352,"specialties",""
"23720 NW Cliffe Pointe Rd #4C","hotel","Grant County","9c546478-68a7-4448-ae01-8a79ff1121cb","active",47.0931165,-119.9985645,"travel","Sagecliffe Resort Condo Unit 4C","",98848,"lodging",""
"1007 N Chestnut St","college","Ellensburg","9c2de83f-bde3-4e09-bfcd-a7c317f4cf5e","active",47.0030161,-120.537786,"civil_society","Central Washington University Connection Card Office","",98926,"educational",""
"15614 Meridian E STE 100","cell_phone_store","Pierce County","82058bb6-21b8-4a86-a0ef-ded0d410aa78","inactive",47.1140762,-122.2938703,"retail","Verizon","",98375,"",""
"1421 E 44th St","truck_rental_agency","Tacoma","30763484-0595-409b-9552-51cf0cf542a1","active",47.2176255,-122.4088838,"transportation_services","U-Haul Neighborhood Dealer","Salishan",98404,"private_transportation",""
"200 Battery Way","visitor_center","Port Townsend","bbe10667-2b7a-4ae1-a11b-5bed9eea9e29","active",48.1344772,-122.7652047,"travel","Park Office and Camping Registration","",98368,"vacation_services",""
"1350 Slater Rd Unit 11 & 12","electronics_manufacturer","Ferndale","8b05dfbf-a2d5-4575-b33e-57152bcccc68","active",48.8186766,-122.5595517,"retail","Firgelli Automations","Brennan",98248,"",""
