"ADDRESS","BUSINESS_CATEGORY","CITY","DATAPLOR_ID","DATAPLOR_STATUS","LATITUDE","LONGITUDE","MAIN_CATEGORY","NAME","NEIGHBORHOOD","POSTAL_CODE","SUB_CATEGORY","SUB_SUB_CATEGORY"
"17233 Vashon Hwy SW","real_estate_agency","King County","6b79a9d2-1b58-4bf2-8c9a-68dbc80d8e19","active",47.4501944,-122.4607551,"professional_services","JR Crawford, Windermere Vashon, Certified Residential Specialist","Roseballen",98070,"specialized_services",""
"18019 Beall Rd SW","general_contractor","King County","e59978e5-2f22-47ad-98d7-672977ed7099","active",47.4429484,-122.4502383,"professional_services","Jake Johnson Enterprises Inc","Chautauqua",98070,"licensed_professional",""
"6829 SW 248th St","concrete_contractor","King County","38813972-fb34-4e51-9b9a-e59ae0286edf","active",47.3806022,-122.4182732,"home_services","CalPortland","Raeco",98070,"services",""
"12919 SW Cemetery Rd","sign_shop","King County","3f4e3962-4691-4a30-9dc2-3d13bf8df74e","active",47.4272778,-122.5005613,"retail","Pacific Sign Company","",98070,"",""
"9816 SW Bank Rd","kitchen_remodeler","King County","eecab840-d5e7-4134-98b3-25959fdfe1c8","active",47.4475363,-122.4599049,"home_services","Roadside Attraction Design Studio,LLC","Roseballen, Cove",98070,"services",""
"10212 SW Cove Rd","landscaper","King County","6557c326-97e5-4772-82d3-1e2db6b2d20c","active",47.4557843,-122.4646478,"professional_services","Herb's Land Improvement Co","",98070,"licensed_professional",""
"10120 SW 204th St","general_contractor","King County","0511b403-9bc4-4d89-9417-ba3da681177e","active",47.4224711,-122.4639373,"professional_services","ordonezconstruction llc","",98070,"licensed_professional",""
"1017 Water St","home_health_care_service","Port Townsend","1727fb76-5646-4aea-b227-32f0741ae8a3","active",48.1136642,-122.7578212,"healthcare","Peninsula Homecare Cooperative","",98368,"pharmacy_supplies",""
"810 Ave D Ste 2","dentist","Snohomish","b111e9d7-0e7b-49d7-9c70-6847c16ed628","inactive",47.9220277,-122.0984706,"healthcare","Dr. Joseph Szabo","",98290,"specialties",""
