"ADDRESS","BUSINESS_CATEGORY","CITY","DATAPLOR_ID","DATAPLOR_STATUS","LATITUDE","LONGITUDE","MAIN_CATEGORY","NAME","NEIGHBORHOOD","POSTAL_CODE","SUB_CATEGORY","SUB_SUB_CATEGORY"
"3727 California Ave SW #2a","massage_therapist","Seattle","3a1f3d98-90c9-4c2f-b117-870b6aee4ad1","active",47.5705273,-122.3870587,"healthcare","Horizon Massage Therapy, LLC (at Schoeb Chiropractic)","West Seattle",98116,"hospitals_clinics",""
"904 7th Ave","family_practice_physician","Seattle","cf3c9eff-8e67-458c-96aa-ba4af9fe2b04","active",47.6074762,-122.3290359,"healthcare","Jae H Sim, MD","Central Business District, First Hill",98104,"specialties",""
"102 N Clover Island Dr","boat_ramp","Kennewick","5e3ece29-30ce-4b58-acb1-8821fbfca076","active",46.2170343,-119.1159033,"travel","Clover Island Boat Launch","Bridge-to-Bridge",99336,"vacation_services",""
"7101 62nd Ave NE","apartment_complex","Seattle","e8249a59-d58d-4d7a-9215-36c2cc4efa2c","active",47.6805536,-122.2622484,"civil_society","Mercy housing","Sand Point",98115,"social_service",""
"2450 Westlake Ave N","marina","Seattle","0a8ed326-2f26-4747-a188-a326c1002e70","active",47.6396645,-122.3411568,"civil_society","Boatworld Marinas","Westlake, Fremont",98109,"social_service",""
"9839 8th Ave SW #101","massage_therapist","King County","1b62f6ba-ba3a-41b1-a6b0-3efd61fd48f8","active",47.5147972,-122.345545,"healthcare","Sanar Massage","White Center",98106,"hospitals_clinics",""
"16923 96th Ave NE","naturopathic_practitioner","Bothell","e2bea6e5-6abb-4fba-8e60-6f0af5c8a7e6","active",47.7507387,-122.2119341,"healthcare","Anderson Natural Medicine","",98011,"specialties",""
"10735 Ross Rd","apartment_building","Bothell","16126895-501d-40b5-9694-b3e6ecf02d7c","active",47.7633487,-122.1965475,"professional_services","Campus View Apartments","",98011,"specialized_services",""
"2207 227th St SE","apartment_complex","Bothell","d1d0a79c-8871-456d-a9be-c96a9ce57471","active",47.7923947,-122.2036985,"civil_society","Salmon Run at Perry Creek Apartments","Canyon Park",98021,"social_service",""
"450 3rd Ave W","cruise_line","Seattle","b44580e7-03d2-4d7b-8705-05afbcdac782","active",47.6225379,-122.3604465,"travel","Seabourn","Uptown, Belltown",98119,"vacation_services",""
