"ADDRESS","BUSINESS_CATEGORY","CITY","DATAPLOR_ID","DATAPLOR_STATUS","LATITUDE","LONGITUDE","MAIN_CATEGORY","NAME","NEIGHBORHOOD","POSTAL_CODE","SUB_CATEGORY","SUB_SUB_CATEGORY"
"22005 76th Ave W","acupuncture_clinic","Edmonds","83ebf7ed-bd47-47cb-8928-7c541b10a192","active",47.799422,-122.3352845,"healthcare","Maple Leaf Therapeutics","",98026,"specialties",""
"7935 216th St SW E","acupuncturist","Edmonds","fadd299e-335b-4889-b6ac-061ccf461769","inactive",47.8038483,-122.3405552,"healthcare","Xia Che","",980267941,"specialties",""
"13110 NE 177th Pl","deck_builder","Woodinville","11a57255-8952-4a80-a10f-da26fd9b182f","inactive",47.7560209,-122.1648812,"home_services","Deck Pro","Woodinville Junction",98072,"services",""
"13248 NE 177th Pl","contractor","Woodinville","d9b8cdc9-aed2-4f15-8062-11c7d14a8b8c","active",47.7568973,-122.1615053,"professional_services","Northwest Boring Co","Woodinville Junction",98072,"licensed_professional",""
"13110 NE 177th Pl STE 396","bathroom_remodeler","Woodinville","25d7b572-0b13-4833-a158-15be824ce25a","inactive",47.7560159,-122.1648568,"home_services","NORTH CREEK CONTRACTORS INC","Woodinville Junction",98072,"services",""
"13110 NE 177th Pl","tree_service","Woodinville","98a9c62c-7e6d-48f0-8385-b52b73b6a968","active",47.7560296,-122.1648869,"home_services","Superior NW Tree and Shrub Care Inc","Woodinville Junction",98072,"services",""
"410 E 20th St","massage_therapist","Vancouver","e8f06e16-2d69-4504-bfff-1323e78af386","inactive",45.636929,-122.6674315,"healthcare","Massage for a Healthier Lifestyle","Arnada",98663,"hospitals_clinics",""
"4409 50th Ave S","acupuncture_clinic","Seattle","55a7ef7f-d41c-4227-8d2d-dacb877e78e9","active",47.5637838,-122.2710236,"healthcare","Seattle Acupuncture and Coaching","Lakewood",98118,"specialties",""
"2411 N Proctor St","coffee_shop","Tacoma","1fc00a72-1f78-4b86-b6a6-718cd7fdc1dd","active",47.2695271,-122.4880808,"dining","Starbucks","North End",98406,"cafe",""
"5340 Ballard Ave NW","counselor","Seattle","bcd15b11-aa49-4198-bd11-ef37c23bc777","inactive",47.6674587,-122.384097,"professional_services","Bhramari Seattle","Ballard",98107,"licensed_professional",""
