"ADDRESS","BUSINESS_CATEGORY","CITY","DATAPLOR_ID","DATAPLOR_STATUS","LATITUDE","LONGITUDE","MAIN_CATEGORY","NAME","NEIGHBORHOOD","POSTAL_CODE","SUB_CATEGORY","SUB_SUB_CATEGORY"
"1236 S Rose St","house_cleaning_service","King County","24f5202c-701c-41e3-9b93-42c757d62b41","active",47.5292455,-122.3159708,"home_services","YEMAYA cleaning service","Delridge",98108,"services",""
"2512 Wheaton Wy","family_practice_physician","Bremerton","a891be3b-870d-4a67-af08-ca4e13a61f5f","active",47.5821313,-122.6263489,"healthcare","Dr. Michael Watson","",98310,"specialties",""
"Buck Pavilion, 1100 9th Ave Level 2","cancer_treatment_center","Seattle","12c45f3a-e79f-4986-be5b-afac39b002c2","active",47.6094886,-122.327968,"healthcare","Virginia Mason Cancer Institute","Central Business District, First Hill",98101,"hospitals_clinics",""
"3594 NW Byron St # 201","doctor","Kitsap County","23b4a48b-6f70-4ebb-a718-b41806699139","active",47.6446762,-122.69786,"healthcare","Lobo Natural Medicine","",98383,"specialties",""
"262 Weeks Rd","domestic_abuse_treatment_center","San Juan County","ca3dedd6-b2f6-495e-b178-1b280b3a783c","active",48.5268869,-122.9106055,"civil_society","Safe San Juans","",98261,"social_service",""
"4216 6th Ave NW","contractor","Seattle","9dae9409-b560-4aea-b420-c234a509caff","active",47.6581998,-122.3636495,"professional_services","THC Dryer Vent & Air Duct Cleaning Services Inc Of WA,","Fremont",98107,"licensed_professional",""
"1935 Kirkpatrick Rd","grocery_store","Grays Harbor County","e1f6b20d-d807-4220-b01b-8527acd9120e","active",47.2325468,-123.9590832,"convenience_and_grocery_stores","Humptulips Grocery & Gas","Humptulips",98552,"consumer_goods",""
"3124 S 19th St #240","internist","Tacoma","4f1d06ae-34a7-4179-814d-80e741253496","active",47.2422378,-122.47752,"healthcare","Mary Lagman-Beltran, MD","Central Tacoma",98405,"specialties",""
"W Beacon Hill Dr","home_builder","Cowlitz County","d1c410e9-9253-4bd7-a092-5e0b55335692","inactive",46.1733404,-122.9434117,"home_services","","Columbia Heights",98632,"services",""
"6706 NE 175th St D","construction_company","Kenmore","8db99bd1-2c69-4fdf-bee2-d043057ca1f8","active",47.7578768,-122.250822,"civil_society","Associated Underwater Services, Inc.","",98028,"",""
