"ADDRESS","BUSINESS_CATEGORY","CITY","DATAPLOR_ID","DATAPLOR_STATUS","LATITUDE","LONGITUDE","MAIN_CATEGORY","NAME","NEIGHBORHOOD","POSTAL_CODE","SUB_CATEGORY","SUB_SUB_CATEGORY"
"172 N Beach Rd","cafe","San Juan County","8ffdd7c4-76a5-4c32-89c5-e0bb5be88a9d","active",48.6958012,-122.9061347,"dining","Olga Rising","",98245,"cafe",""
"123 N Beach Rd f1","distillery","San Juan County","2c093f6e-865e-43bb-a8b5-2ccec2910e6d","active",48.6956445,-122.9065268,"convenience_and_grocery_stores","Orcas Island Distillery","",98245,"",""
"The Studio on Orcas, 109 N Beach Rd D","pilates_studio","San Juan County","deb181a5-b5a6-490f-8c28-fa5a3eab69d1","active",48.6950051,-122.906533,"entertainment_and_recreation","Orcas Island Pilates","",98245,"sports_and_recreation",""
"7034 Olga Rd","general_store","San Juan County","54c9cff5-62b3-4810-918d-96aa230d05f6","active",48.6195581,-122.835891,"retail","The Olga Store, Orcas Food Co-op","Olga",98279,"",""
"401 NE Northgate Way","gift_shop","Seattle","9cb4fd89-c726-4ee2-a5df-c2ba9e29b8c5","inactive",47.705148,-122.3260615,"retail","SPENCER GIFTS","Northgate",98125,"",""
"3703 California Ave SW STE A","chiropractor","Seattle","5d4daabd-fe49-4c6a-ac1b-c3220865f69a","active",47.5709606,-122.387172,"healthcare","Swanson & Seepersad Chiropractic","West Seattle",98116,"specialties",""
"7015 Park Ave. S","catholic_church","Tacoma","49420076-4b1c-4281-8c4f-ff4b56a5b6cf","active",47.193386,-122.4415191,"civil_society","Pope St. John XXIII Catholic Church","Hillsdale",98408,"social_service",""
"1511 7th Ave","amusement_center","Seattle","d59ceba0-81b8-490a-a4c5-bd466d6945ca","active",47.6117917,-122.3338358,"entertainment_and_recreation","GameWorks Seattle","Central Business District, First Hill",98101,"performance_entertainment",""
"11562 179th Ct NE","limousine_service","Redmond","51350f3d-c0cd-4fe3-af62-a205da00e705","active",47.703214,-122.100052,"transportation_services","Liberty Towncar Service","North Redmond",98052,"private_transportation",""
"3701 Colby Ave","chiropractor","Everett","f19c9586-d59f-4f54-9e28-f52687ccefcd","active",47.968483,-122.2078437,"healthcare","Keezer Chiropractic & Spinal","Port Gardner",98201,"specialties",""
