"ADDRESS","BUSINESS_CATEGORY","CITY","DATAPLOR_ID","DATAPLOR_STATUS","LATITUDE","LONGITUDE","MAIN_CATEGORY","NAME","NEIGHBORHOOD","POSTAL_CODE","SUB_CATEGORY","SUB_SUB_CATEGORY"
"3502 Fremont Ave N","law_firm","Seattle","92bf603f-f90c-4cab-8f56-13175047aa25","active",47.6507216,-122.3496781,"professional_services","Berman and Todderud LLP","Fremont",98103,"specialized_services",""
"1601 116th Ave NE","holistic_medicine_practitioner","Bellevue","5ebef402-e11b-4f18-a567-4d78709c1a61","active",47.6250491,-122.1861025,"healthcare","Dr. Lara Litov - Navon Health","Northup",98004,"specialties",""
"14419 Greenwood Ave N Suite A-132","marriage_counselor","Seattle","1b51b3dd-92a4-400c-8108-dfda73f68445","active",47.7336474,-122.3560895,"professional_services","Dan Keusal, M.S., LMFT","Bitter Lake",98133,"licensed_professional",""
"5608 17th Ave NW","bakery","Seattle","50af3b0e-c5f6-4717-b87e-6a644076cb59","inactive",47.669629,-122.3786551,"convenience_and_grocery_stores","Little Prague European Bakery & Deli","Ballard",98107,"specialty_goods",""
"428 E Pacific Ave","sporting_goods_store","Spokane","ad1455e8-cf34-43cb-b545-877b618bbc13","inactive",47.6553522,-117.4038931,"retail","Tennis of Spokane","East Central",99202,"",""
"4031 E Madison St","real_estate_agents","Seattle","fd84b6c2-cfff-49f9-994c-6a329b675d7b","active",47.634099,-122.2801885,"professional_services","Robin L. Black. Robin L. Black & Associates","Madison Park",98112,"licensed_professional",""
"17425 Vashon Hwy SW","astrologer","King County","a96f795e-ab78-4929-8f43-021af77b829f","active",47.4486837,-122.4608332,"professional_services","Melanie","Roseballen",98070,"licensed_professional",""
"1127 10th Ave E Apt A","acupuncturist","Seattle","54ddfb1f-35bc-47db-975a-20ff9211d51c","active",47.629532,-122.3205447,"healthcare","Angela Renzetti","Capitol Hill",98102,"specialties",""
"5555 14th Ave NW","house_cleaning_service","Seattle","fec243e3-d8ac-4259-b2d1-b16de34a4725","active",47.6691992,-122.3740345,"home_services","Cheetah Cleaners","Ballard",98107,"services",""
"3630 Stone Way N","ramen_restaurant","Seattle","da666601-7452-425a-9d4d-f6ed4d3ca640","active",47.6514302,-122.3423018,"dining","Ooink Fremont","Fremont",98103,"diner",""
