"ADDRESS","BUSINESS_CATEGORY","CITY","DATAPLOR_ID","DATAPLOR_STATUS","LATITUDE","LONGITUDE","MAIN_CATEGORY","NAME","NEIGHBORHOOD","POSTAL_CODE","SUB_CATEGORY","SUB_SUB_CATEGORY"
"1400 Farragut Ave # 863","naval_base","Bremerton","d7eadaba-f4c7-473e-9b45-5574d4612bac","inactive",47.562614,-122.6371703,"civil_society","US Navy","Charleston",98314,"government",""
"801 SW 16th ST, 17/24 Suite 115","estate_liquidator","Renton","23aa060a-6da3-4e75-8a1b-9f03fc70bd59","active",47.4655141,-122.2297021,"professional_services","Girlfriends Estate Sales INC","",98057,"licensed_professional",""
"3511 Cheyne Rd","vineyard","Yakima County","08ae952b-a426-4414-a2ca-52fe84321392","active",46.4561102,-120.2721013,"entertainment_and_recreation","Two Blondes Vineyard","",98953,"sports_and_recreation",""
"11011 Meridian Ave N #101b","medical_clinic","Seattle","9d529104-c453-4a07-8387-036a3ddfa46d","active",47.7087305,-122.3343824,"healthcare","Via Vascular","Haller Lake",98133,"hospitals_clinics",""
"19401 Alderwood Mall Pkwy Suite 110","clothing_store","Lynnwood","fb15f985-286c-4701-83f1-cbe4dc615c2a","active",47.8220081,-122.2698617,"retail","Burlington","Alderwood",98036,"",""
"19109 36th Ave W #105","business_to_business_service","Lynnwood","66c8016e-c165-4a3d-9870-a50ea56db309","active",47.8252315,-122.2800236,"professional_services","Lynnwood Inc","",98036,"specialized_services",""
"4229 W Marginal Wy SW","moving_company","Seattle","2a7b452c-74c9-4095-b4ba-ee7dba12d74a","active",47.5643713,-122.3534376,"professional_services","College Hunks Hauling","Youngstown, Delridge",98106,"",""
"2102 N 30th St Suite A","law_firm","Tacoma","c747c9f0-7745-4fec-971f-e45dc49800c5","active",47.2746434,-122.4639918,"professional_services","North x Northwest Law Group","Old Tacoma",98403,"specialized_services",""
"1031 SE Everett Mall Way Suite 100","real_estate_agents","Everett","c6e5437b-88f2-43e6-91e4-abf1b7aa63da","active",47.9114025,-122.2180658,"professional_services","Jonah Wilhelm Managing Broker","Cascade View",98208,"licensed_professional",""
"600 N 36th St #227","beauty_salon","Seattle","28187fc2-82b1-4d9a-be03-acec4ab525c4","active",47.6517378,-122.3510168,"beauty","Lash On Wax Off","Fremont",98103,"personal_grooming","beauty_and_hair_parlors"
