"ADDRESS","BUSINESS_CATEGORY","CITY","DATAPLOR_ID","DATAPLOR_STATUS","LATITUDE","LONGITUDE","MAIN_CATEGORY","NAME","NEIGHBORHOOD","POSTAL_CODE","SUB_CATEGORY","SUB_SUB_CATEGORY"
"621 Woodland Square Loop SE","government_office","Lacey","bfdc8c04-06c5-4814-98af-4689aa3a8796","active",47.0405011,-122.8280542,"civil_society","Energy Facility Site Evaluation Council","",98504,"government",""
"1417 NW 54th St #328","massage_therapist","Seattle","bba94d73-4485-43ab-b663-474df0104cd9","active",47.6676355,-122.3747719,"healthcare","Healing Touch By Faith","Ballard",98107,"hospitals_clinics",""
"1417 NW 54th St #470","massage_therapist","Seattle","a0405dbf-150e-4385-a0e2-50ddf3c0e359","active",47.667764,-122.3747332,"healthcare","Todd O. Picton, LMP","Ballard",98107,"hospitals_clinics",""
"1417 NW 54th St Suite 260","massage_therapist","Seattle","bab455ff-3346-49c0-8f02-1fc8e6e0b980","inactive",47.6676355,-122.3747719,"healthcare","Massage on Camano","Ballard",98107,"hospitals_clinics",""
"StudioWorks bldg, 1417 NW 54th St #470","massage_spa","Seattle","54beba10-e903-4eb6-abef-8add47c28edf","active",47.6677971,-122.3745363,"healthcare","Pain's End Massage Therapy Clinics","Ballard",98107,"hospitals_clinics",""
"2037 139th Pl SE","business_management_consultant","Bellevue","aa4648e7-a4ba-4a67-b6fa-3653956e4065","active",47.5913945,-122.1550513,"professional_services","Cfuller Consulting LLC","Lake Hills",98005,"licensed_professional",""
"13205 SE 30th St Suite #101","electric_utility_company","Bellevue","0500be97-b640-4835-86bd-dfec313d6419","active",47.5835108,-122.1639394,"civil_society","Eaton Corporation","",98005,"social_service",""
"15375 SE 30th Pl","manufacturer","Bellevue","5d04f28f-3994-46ac-a881-53f1a9ea268a","active",47.5829462,-122.1367076,"retail","Rockwell Automation","Eastgate",98007,"",""
"780 Thomas Ave SW","countertop_contractor","Renton","efee1939-6709-41ee-88b3-2e7053143030","active",47.4724575,-122.2278916,"professional_services","Global Granite, Inc.","",98057,"",""
"1552 Broadway St","chiropractor","Longview","1d8475e0-ac81-4e90-838f-2f313ffc2133","inactive",46.139254,-122.9373117,"healthcare","Spine and Whiplash Center","Old West Side",98632,"specialties",""
