"ADDRESS","BUSINESS_CATEGORY","CITY","DATAPLOR_ID","DATAPLOR_STATUS","LATITUDE","LONGITUDE","MAIN_CATEGORY","NAME","NEIGHBORHOOD","POSTAL_CODE","SUB_CATEGORY","SUB_SUB_CATEGORY"
"3150 W Government Way suite a-2","massage_therapist","Seattle","c5c6325b-8768-4109-b480-37326805fb48","active",47.6604357,-122.3986385,"healthcare","Massage Reimagined Magnolia","Lawton Park",98199,"hospitals_clinics",""
"105 14th Ave Suite 120","social_worker","Seattle","f12910a6-6aa7-4a4d-98df-dd264c2c79f8","active",47.6018504,-122.3143863,"professional_services","Karee Powers, MSW, LCSW","Little Saigon, Yesler Terrace",98122,"licensed_professional",""
"2701 California Ave SW","massage_school","Seattle","8b713fc0-2801-48ba-b604-7a2619f759d6","active",47.5791882,-122.3868822,"healthcare","Seattle Massage Therapy Schools","Admiral, West Seattle",98116,"hospitals_clinics",""
"3783 E Hoff Rd","pumpkin_patch","Whatcom County","69579838-d310-47e9-882f-9151f0b74e54","active",48.853395,-122.2839409,"convenience_and_grocery_stores","Fullner Farm Pumpkins","Lawrence",98247,"",""
"7 Larrabee State Park","park","Whatcom County","2599f833-dd2a-4cce-be0c-869136f569fb","inactive",48.6534546,-122.4909038,"civil_society","Larabee beach","",98229,"social_service",""
"2600 Alderwood Ave","apartment_building","Bellingham","459b6aa1-c895-4784-945b-fce9ca915854","active",48.780273,-122.4992796,"professional_services","Village on the Green Apartments","Birchwood",98225,"specialized_services",""
"2288 W Commodore Way Suite 300","nuclear_power_company","Seattle","b5564ec9-896b-47ba-b313-9224c12a93f7","active",47.6613539,-122.3854436,"civil_society","Ultra Safe Nuclear Corporation","Lawton Park, Magnolia",98199,"",""
"109 E Chestnut St","condominium_complex","Bellingham","9bf11627-8b44-433c-8d91-c5e60cd6d489","inactive",48.7486547,-122.4800707,"civil_society","Harris Square","City Center",98225,"social_service",""
"207 E Holly St","barbecue_restaurant","Bellingham","8d596fb4-83be-41d4-99f3-8edeccaee19a","inactive",48.7489213,-122.4775994,"dining","Back East BBQ Bellingham","City Center",98225,"diner",""
"8637 S 212th St","moving_company","Kent","1945b66f-4ca5-4177-ae6a-56e34699fd3a","active",47.4119122,-122.2246397,"professional_services","Two Men And A Moving Van LLC | Seattle Movers","",98031,"",""
