"ADDRESS","BUSINESS_CATEGORY","CITY","DATAPLOR_ID","DATAPLOR_STATUS","LATITUDE","LONGITUDE","MAIN_CATEGORY","NAME","NEIGHBORHOOD","POSTAL_CODE","SUB_CATEGORY","SUB_SUB_CATEGORY"
"2105 NE 129th St Suite 207","investment_service","Clark County","7b2e1f3d-d9b9-41b7-b90a-b3dece3a4887","active",45.714302,-122.6497297,"professional_services","Edward Jones - Financial Advisor: Josh Hollandsworth, CFP®|AAMS™","Salmon Creek",98686,"",""
"2210 N 56th St","dentist","Seattle","ac44e685-4950-4976-8706-cbe46c2a7e74","active",47.6688407,-122.3326559,"healthcare","Keystone Dental","Wallingford",98103,"specialties",""
"18151 68th Ave NE Apt","medical_lab","Kenmore","56d7985d-eeed-46be-9773-4aa2320f61d6","active",47.7606176,-122.25018,"healthcare","Labcorp","",98028,"hospitals_clinics",""
"3512 Main St","dentist","Vancouver","170ff4b3-58b2-4b43-81a0-d4fde32ced06","inactive",45.6475279,-122.6689568,"healthcare","Daniel Jacob Warnock","Lincoln",98663,"specialties",""
"Bevin Lake (MP 126), 11955 US-12","rest_stop","Lewis County","a20de096-a18c-4196-9e2a-62e093aba2d2","active",46.5528987,-121.736373,"transportation_services","Bevin Lake Rest Area","",98377,"",""
"NF-25","state_park","Mason County","4e54901c-d32a-4dff-b393-9fd958bc9e28","active",47.59948,-123.1586682,"civil_society","Hamma Hamma Beaver Pond #815","",98555,"government",""
"446 Harrison St","industrial_equipment_supplier","Sumas","a903f77d-16f0-4ec9-91db-cd650b5570bc","active",49.0022302,-122.2596725,"retail","Carmichael Industries Inc.","Huntingdon",98295,"",""
"4633 Woodson Ln NE","restaurant","Bainbridge Island","688ad000-0470-4d05-9cf9-1bf8aa215189","inactive",47.6044448,-122.546991,"dining","The Beach House Bar","Lynwood Center",98110,"diner",""
"18564 142nd Ave NE","winery","Woodinville","9d9c4350-2431-468f-a7b8-c078628a02f3","active",47.7622388,-122.1499348,"convenience_and_grocery_stores","Icon Cellars","North Industrial",98072,"",""
"13818 NE 87th St","child_care_agency","Clark County","b0900080-8b5e-4569-91b1-a6f03f0562e1","active",45.686146,-122.5300752,"healthcare","Little Angel's Daycare","Sifton",98682,"specialties",""
