"ADDRESS","BUSINESS_CATEGORY","CITY","DATAPLOR_ID","DATAPLOR_STATUS","LATITUDE","LONGITUDE","MAIN_CATEGORY","NAME","NEIGHBORHOOD","POSTAL_CODE","SUB_CATEGORY","SUB_SUB_CATEGORY"
"4455 E 18th Crest","farm","Whatcom County","ebe30310-f293-41fe-b4b8-67a5524470a6","inactive",48.8000681,-122.3920115,"convenience_and_grocery_stores","Serenity Farm","",98226,"consumer_goods","produce_and_fruit"
"Unnamed Road","boat_ramp","King County","e2d1758a-729d-40e0-9673-377092894a9d","active",47.5086969,-122.4640743,"travel","North End Public Boat Ramp","Vashon Heights",98070,"vacation_services",""
"9960 Stardust Ln","fraternal_organization","Whatcom County","599e3929-c3b5-4d81-9c08-c673bb838669","active",48.996944,-122.092367,"civil_society","Whatcom Masonic Lodge #151 Bellingham, Washington","",98266,"social_service",""
"3129 Old Fairhaven Pkwy","apartment_building","Bellingham","6875bad9-63e2-41fd-9838-1b92c310a4f3","active",48.7150698,-122.4760642,"professional_services","Fairhaven Plaza Apartments","Happy Valley",98225,"specialized_services",""
"1140 10th St Suite #214","massage_therapist","Bellingham","7bb8ce51-45c7-442c-a4a0-a6f4523a4671","active",48.721091,-122.5048557,"healthcare","Healing with Lindsey","Fairhaven",98225,"hospitals_clinics",""
"2220 Cornwall Ave","massage_therapist","Bellingham","d41731c8-6d7a-4564-a16e-28b4370f9e87","active",48.7600959,-122.4747341,"healthcare","Cornwall Wellness and Massage Center","Lettered Streets",98225,"hospitals_clinics",""
"4923 Guide Meridian Rd","boat_repair_shop","Whatcom County","c54e39a1-c6c5-458e-a27b-831e3d20afea","active",48.819561,-122.4865778,"professional_services","B & C Fiberglass Inc","",98226,"specialized_services",""
"1801 Roeder Ave STE 128","boat_dealer","Bellingham","cf366a9b-3cd8-4475-8288-1f9ee8fed128","active",48.7576525,-122.495608,"transportation_services","Marine Servicenter Bellingham","City Center",98225,"",""
"1200 Old Fairhaven Pkwy Suite 202","massage_therapist","Bellingham","1abdc616-bcf5-45fe-82a3-642cf8539c82","active",48.7174354,-122.5017995,"healthcare","Revitalize Massage: Treatment, Lymphatic & Wellness Massage.","Fairhaven",98225,"hospitals_clinics",""
"3410 Woburn St","real_estate_agents","Bellingham","0aec1763-cbe9-4d88-85c8-ecda6be47aaf","active",48.7751438,-122.4450484,"professional_services","Nicole Tingvall - Relocation Specialist","Barkley",98226,"licensed_professional",""
