"ADDRESS","BUSINESS_CATEGORY","CITY","DATAPLOR_ID","DATAPLOR_STATUS","LATITUDE","LONGITUDE","MAIN_CATEGORY","NAME","NEIGHBORHOOD","POSTAL_CODE","SUB_CATEGORY","SUB_SUB_CATEGORY"
"3805 122nd Ave E","moving_company","Edgewood","aa491cf2-7ca5-4f3d-a0d9-f9fb31fdd71b","active",47.2231433,-122.2666842,"professional_services","Movable LLC Moving Company - Seattle","",98372,"",""
"9828 15th Ave SW","vietnamese_restaurant","King County","43e974c6-7448-4616-ac6f-bcc1e3d0a60e","active",47.5146462,-122.3530577,"dining","Pho 99 Vietnamese Noodle House","Highline",98106,"specialized_cuisine",""
"26423 79th Ave S","concrete_product_supplier","Kent","f7bbc834-6732-45da-95f2-9c84263fccbd","active",47.3641265,-122.2357478,"retail","SASE Company","",98032,"",""
"NF-39","campground","Okanogan County","d390b53e-59ab-4bb5-a167-95dff57f28b1","active",48.7000821,-119.9542999,"entertainment_and_recreation","Tiffany Springs Campground","",98827,"",""
"W Chewuch Rd","campground","Okanogan County","27260cf6-a29c-4c12-8b48-c97db53644fe","active",48.6740348,-120.1372993,"entertainment_and_recreation","Chewuch Campground","",98862,"",""
"VHXX+53","campground","Snohomish County","06bd0352-19d7-4956-807b-6245e487c41c","active",47.8979083,-121.4023439,"entertainment_and_recreation","Campground Host","",98251,"",""
"601 W 1st Ave Suite 1400 - #8724","personal_injury_lawyer","Spokane","149a41fd-57b4-4a07-8d93-3bf104652f99","active",47.6561675,-117.4215456,"professional_services","Albrecht Law PLLC","Riverside",99201,"licensed_professional",""
"12167 NE 14th Terrace","park","Bellevue","ab38a846-69c8-41d5-a29f-94e1fec28e1b","active",47.6219088,-122.177851,"civil_society","Spring District Park","Spring District",98005,"social_service",""
"WA-410","campground","Yakima County","2be9cc9d-4333-470a-91d7-e35876f04c6f","active",46.9733333,-121.1630556,"entertainment_and_recreation","Cedar Springs Campground","American River",98937,"",""
"5963 SW Carroll St lower","massage_therapist","Seattle","6e51c0a3-117e-494c-886b-ed3f38377929","active",47.5673701,-122.409012,"healthcare","Alki Massage","Alki",98116,"hospitals_clinics",""
