"ADDRESS","BUSINESS_CATEGORY","CITY","DATAPLOR_ID","DATAPLOR_STATUS","LATITUDE","LONGITUDE","MAIN_CATEGORY","NAME","NEIGHBORHOOD","POSTAL_CODE","SUB_CATEGORY","SUB_SUB_CATEGORY"
"4245 Roosevelt Way NE","general_practitioner","Seattle","5f7c48b9-4f3b-4ed8-8f9f-477da6f1e776","active",47.6588389,-122.3182835,"professional_services","Tyra L. Fainstad","University District",98105,"licensed_professional",""
"1136 Poplar Pl S","medical_clinic","Seattle","cb573af6-1fbd-4109-ae83-428014658081","active",47.5921354,-122.3100001,"healthcare","AIMS Institute","Eastlake",98144,"hospitals_clinics",""
"200 1st Ave W Suite 400","psychologist","Seattle","68896535-d75f-4900-a724-fd3bd6d8d1e6","active",47.620116,-122.3576857,"healthcare","Lisa Gormley-Leinster M.A., LMHC, MHP","Uptown, Belltown",98119,"specialties",""
"1101 NE Boat St","marina","Seattle","95f26562-ff1d-4abd-9dff-e119f9e1970d","active",47.6510641,-122.3136909,"civil_society","Boat Street Marina","University District",98105,"social_service",""
"1317 NE 47th St","seafood_market","Seattle","2340e1d9-7944-47ff-9665-634e46a01fb6","inactive",47.6629722,-122.3135698,"retail","University Seafood & Poultry","University District",98105,"",""
"1301 5th Ave #1200","non_profit_organization","Seattle","4858a974-e8f2-47de-b2eb-2a0c49091935","active",47.6088248,-122.3342898,"civil_society","Northwest Health Law Advocates","Central Business District, First Hill",98101,"social_service",""
"5501 Rainier Ave S","health_and_beauty_shop","Seattle","4de2e473-c1ec-4484-af92-8254d5822aa7","active",47.5525887,-122.2786513,"beauty","PNW Cosmetic Acupuncture","Columbia City, Rainier Valley",98118,"cosmetics","supplies"
"808 Addison Pl","association_or_organization","Mount Vernon","3df79646-1b01-4332-ab93-0116bf70653e","inactive",48.427456,-122.3083779,"civil_society","Ghana Together","",98273,"social_service",""
"NF-100","campground","Okanogan County","4f5540f7-28e1-4ae1-99a4-0effb5eebf51","active",48.4841646,-119.2150632,"entertainment_and_recreation","Crawfish Lake Campground","",98849,"",""
"Mount Rainier National Park","hiking_area","Pierce County","3babfe3d-d04d-4f69-9ef4-816e219f85e4","active",46.8997248,-121.642754,"entertainment_and_recreation","Mount Rainier Wonderland trail","",98304,"sports_and_recreation",""
