"ADDRESS","BUSINESS_CATEGORY","CITY","DATAPLOR_ID","DATAPLOR_STATUS","LATITUDE","LONGITUDE","MAIN_CATEGORY","NAME","NEIGHBORHOOD","POSTAL_CODE","SUB_CATEGORY","SUB_SUB_CATEGORY"
"100 4th Ave N Suite 155","real_estate_consultant","Seattle","6a472573-15b7-4871-886a-a7d8af7cb458","active",47.6189206,-122.3485559,"professional_services","Will Springer, Realtor® at John L. Scott","Uptown, Belltown",98109,"licensed_professional",""
"200 E 22nd St","counselor","Vancouver","051d9e59-a8a6-43b2-950d-a44b053f028e","active",45.6378431,-122.670155,"professional_services","A Better Way Counseling Service LLC","Arnada",98663,"licensed_professional",""
"4001 Main St Suite 216","massage_therapist","Vancouver","86f2212f-ec86-4da6-adc4-b0ebe187b1d3","active",45.6516032,-122.6667855,"healthcare","Scoliosis Wellness","Lincoln",98663,"hospitals_clinics",""
"811 SE 160th Ave","gym","Vancouver","75d084fe-3a89-4c0f-b81d-ddbf035d80fa","active",45.6151924,-122.5060653,"entertainment_and_recreation","Planet Fitness","Cascade Highlands",98683,"sports_and_recreation",""
"115 SE Columbia Way","park","Vancouver","7283cfa9-c06e-4ed8-91c9-7b27f357ec56","active",45.6200401,-122.6682903,"civil_society","Waterfront Park","Columbia Way",98661,"social_service",""
"4699 Woodson Ln NE","marriage_counselor","Bainbridge Island","cdf1ac1e-a617-4724-a1d8-3dd0e8884a57","active",47.6056318,-122.5471186,"professional_services","Dianah Jackson","Lynwood Center",98110,"licensed_professional",""
"2500 Main St #120","mental_health_service","Vancouver","1e0c6a85-1517-449e-afa1-33ec85fb0f81","inactive",45.6398103,-122.672045,"healthcare","NAMI Southwest Washington","Hough",98660,"hospitals_clinics",""
"420 NE Mother Joseph Pl","hospital_department","Vancouver","54e8c348-ee9a-4d71-bf03-95a95806b0ab","active",45.6237805,-122.5816162,"healthcare","Peace Health Hospital- Firstenburg Tower","North Garrison Heights",98664,"hospitals_clinics",""
"333 W Columbia Way","restaurant","Vancouver","a16c0dae-6227-4d0b-8a80-b4ea1bfbb262","active",45.6227797,-122.6759248,"dining","Ondus on the Waterfront","Esther Short",98660,"diner",""
"3800 W Marginal Wy SW","boat_dealer","Seattle","1a8cae2c-d0e3-4f66-afa8-4d5daf874e55","active",47.5697266,-122.3546583,"transportation_services","Bob's Boat Shop","Youngstown",98106,"",""
