"ADDRESS","BUSINESS_CATEGORY","CITY","DATAPLOR_ID","DATAPLOR_STATUS","LATITUDE","LONGITUDE","MAIN_CATEGORY","NAME","NEIGHBORHOOD","POSTAL_CODE","SUB_CATEGORY","SUB_SUB_CATEGORY"
"409 NE 93rd Ave","apartment_complex","Vancouver","932f5a58-0764-405a-b592-7dc580f526cb","active",45.6241036,-122.5766851,"civil_society","Columbia Heights Apartments","North Garrison Heights",98664,"social_service",""
"4536 California Ave SW","boutique","Seattle","46c79801-4817-4d15-a19b-7697e917b93d","active",47.561907,-122.386444,"retail","FLEURT COLLECTIVE","West Seattle",98116,"",""
"700 NE 87th Ave","orthopedic_surgeon","Vancouver","50cfc675-05fe-4c04-adb6-4ca8dc50c600","active",45.6253247,-122.5846665,"healthcare","Lindsay Hussey-Andersen","North Garrison Heights",98664,"specialties",""
"16111 SE McGillivray Blvd Ste A","physiotherapy_center","Vancouver","0aa822d7-6cb9-4d9a-a8ef-53fe8cfd50b2","active",45.6038677,-122.5059331,"healthcare","Majerus & Co. Physical Therapy - Vancouver","Fairway/164th",98683,"hospitals_clinics",""
"NE 52nd St","apartment_complex","Vancouver","0e24139a-2391-4228-8e3a-474ca253ff72","inactive",45.6435766,-122.6134602,"civil_society","Village 57 Apartments","Bagley Downs",98661,"social_service",""
"10040 15th Ave NW","swimming_pool","Seattle","a47ea5aa-7cd6-4f12-bba9-ef6a610b845d","active",47.7030223,-122.3763358,"civil_society","Blue Ridge Swimming Pool","Blue Ridge",98177,"social_service",""
"Blue Ridge Park, NW Blue Ridge Dr","park","Seattle","61b4e907-0e41-44aa-b28c-10e39f0cb52a","inactive",47.7018764,-122.3898434,"civil_society","Blue Ridge Beach Private Park","North Beach, Blue Ridge",98177,"social_service",""
"2407 E 16th St","apartment_building","Vancouver","b2931542-6ef1-400d-a6f6-216312fecda6","active",45.6332483,-122.6452308,"professional_services","Town Terrace Apartments","Central Park",98661,"specialized_services",""
"3300 NE 78th St","church","Clark County","556df127-f50a-4efd-9d73-b9c94e492ded","active",45.6794617,-122.637375,"civil_society","Vancouver Church","Northeast Hazel Dell",98665,"social_service",""
"26435 104th Ave SE","apartment_complex","Kent","3671548f-114c-4f45-9ffb-017268f3b631","active",47.3641767,-122.2032702,"civil_society","Parkwood Apartments","Parkwood Apartments",98030,"social_service",""
