"ADDRESS","BUSINESS_CATEGORY","CITY","DATAPLOR_ID","DATAPLOR_STATUS","LATITUDE","LONGITUDE","MAIN_CATEGORY","NAME","NEIGHBORHOOD","POSTAL_CODE","SUB_CATEGORY","SUB_SUB_CATEGORY"
"1222 Bronson Way N #250","personal_trainer","Renton","f519d9df-341f-45ea-8d62-1d0fc630be9b","active",47.4843769,-122.2007899,"entertainment_and_recreation","Hocevar Performance - Renton Personal Trainer","North Renton",98055,"sports_and_recreation",""
"1122 NW 46th St","auto_repair_shop","Seattle","d846155c-b411-45b3-a879-9ea34a98e688","active",47.6624823,-122.3716915,"automotive_services","X-Ray Auto Vintage Volvo Repair","Phinney Ridge",98107,"automobile","repair"
"114 3rd Ave S","art_gallery","Seattle","73cbf5e9-9005-4b6e-b2a8-49ae75699196","active",47.6011609,-122.3300257,"entertainment_and_recreation","Platform Gallery","West Edge, International District/Chinatown",98104,"performance_entertainment",""
"173 Hadlock Bay Rd","marina","Jefferson County","ea7cd686-f59b-4413-99b2-6d4e94409520","active",48.0302581,-122.7447509,"civil_society","Port Hadlock Marina","",98339,"social_service",""
"15 164th St SW G1","pet_sitter","Snohomish County","1e16adc6-17ba-4afa-a1d7-de5b5792219c","active",47.8506113,-122.23344,"professional_services","Ray's Pro Pet Care","",98012,"licensed_professional",""
"121 Stewart St #150","condominium_complex","Seattle","a9385efb-f2cf-4a13-9521-ab7774f619f9","active",47.6107285,-122.3404815,"civil_society","The Emerald","Belltown",98101,"social_service",""
"3316 NE 125th St","acupuncturist","Seattle","1d110fa7-c8fb-4761-8cdf-ebd558572afc","active",47.7194218,-122.2919136,"healthcare","Dr. Wang, Acupuncture","Lake City",98125,"specialties",""
"1 Bellis Fair Pkwy STE 514","seafood_restaurant","Bellingham","662b9e5c-db9a-413a-8dd0-669bf4dd7a43","inactive",48.7853449,-122.4895737,"dining","Ivar's Seafood Bar (closed)","Parkview",98226,"diner",""
"747 Broadway","family_practice_physician","Seattle","38e3e22c-2832-4286-b293-83260b2481b5","inactive",47.6086429,-122.3217162,"healthcare","Trevor Dickey","First Hill",981224379,"specialties",""
"1913 SE 303rd Ave","farm","Clark County","5176adc3-70c5-4d8b-9745-a60dd9d9d506","active",45.6079485,-122.3611026,"convenience_and_grocery_stores","Get To-Gather Farm","",98671,"consumer_goods","produce_and_fruit"
