"ADDRESS","BUSINESS_CATEGORY","CITY","DATAPLOR_ID","DATAPLOR_STATUS","LATITUDE","LONGITUDE","MAIN_CATEGORY","NAME","NEIGHBORHOOD","POSTAL_CODE","SUB_CATEGORY","SUB_SUB_CATEGORY"
"14015 A St S","apartment_complex","Pierce County","e3c7f9ef-9b85-43ea-aa0d-de6b6d2114ac","active",47.1295137,-122.4301151,"civil_society","Whitney Lane Apartments","",98444,"social_service",""
"12304 Lake City Way NE","massage_spa","Seattle","be05f75c-9a82-4c5c-b74c-1ad70085e7e0","active",47.7177474,-122.2958333,"healthcare","The Little Massage","Lake City",98125,"hospitals_clinics",""
"11212 Sunrise Blvd E #202","physiotherapist","Pierce County","0b5bb5ee-8d37-4b20-b4a6-19f47ed2dee0","inactive",47.0971619,-122.2799948,"healthcare","Nicholas Howell","",983748847,"specialties",""
"9674 Mt Baker Hwy","indoor_lodging","Whatcom County","b90d6ab3-8ce5-4f85-a3e8-a1127a344226","inactive",48.894969,-121.9632909,"travel","Vacation Rental","",98266,"lodging",""
"3516 Fisherman Bay Rd","park","San Juan County","a612fde5-0593-4b40-8e91-d888f3118346","active",48.5056993,-122.9186593,"civil_society","Bayview Day Park","",98261,"social_service",""
"7650 SE 27th St","investment_service","Mercer Island","d79d51d4-c929-475d-80e5-e5a9fa113f00","active",47.5870842,-122.235752,"professional_services","Mercer Island Capital Management, LLC.","McGilvra",98040,"",""
"White River Rd","hiking_area","Chelan County","46d2cff3-6d7a-43e9-972a-90a49068175a","active",47.962535,-120.9450442,"entertainment_and_recreation","White River Trailhead","",98826,"sports_and_recreation",""
"8449 SE 33rd Pl","bmx_park","Mercer Island","74e7ddb4-684c-4301-9933-e64df0e40660","active",47.5830125,-122.2260387,"entertainment_and_recreation","Mercer Island Bike Park","Beaumont",98040,"sports_and_recreation",""
"3421 33rd Ave W","advertising_photographer","Seattle","ed7c98b6-cde6-4649-9d5f-02787bb47450","active",47.6511465,-122.3997921,"professional_services","Kara Mercer","Lawton Park, Magnolia",98199,"licensed_professional",""
"2525 14th Ave S","apartment_building","Seattle","2a394a8b-b545-499f-be91-90009440a3fb","active",47.5802409,-122.3151044,"professional_services","Shorewood Apartments","Beacon Hill",98144,"specialized_services",""
