"ADDRESS","BUSINESS_CATEGORY","CITY","DATAPLOR_ID","DATAPLOR_STATUS","LATITUDE","LONGITUDE","MAIN_CATEGORY","NAME","NEIGHBORHOOD","POSTAL_CODE","SUB_CATEGORY","SUB_SUB_CATEGORY"
"234 Windsor Dr","painter","Whatcom County","ccb33b10-770f-49dc-8620-08bd3b63a8bb","active",48.9943798,-123.05785,"professional_services","All Hues Painting","",98281,"licensed_professional",""
"3000 184 Th St. Sw, K-3500","jewelry_store","Lynnwood","65cfeae1-a15e-4452-b64f-095a7ce56f1c","active",47.829593,-122.274706,"retail","Banter by Piecing Pagoda","","","",""
"6414 204th St SW Suite 200","electrician","Lynnwood","88de477f-4e0c-491a-a688-cadafbb983a2","active",47.8125826,-122.3200637,"home_services","Brennan Heating & Air Conditioning","Seattle Heights",98036,"services",""
"721 Simundson Dr","yacht_broker","Whatcom County","dd5b0af0-a9f1-49f5-ae11-3ea3afba0f7d","inactive",48.9796126,-123.0638868,"retail","Steele-A-Weigh Yachts","South Beach",98281,"",""
"6900 NE Hwy 99 Suite 3","auto_repair_shop","Clark County","855398b2-77e0-4c25-8af9-d2b44b4afeff","active",45.6724571,-122.6638568,"automotive_services","Meineke Car Care Center","Northeast Hazel Dell",98665,"automobile","repair"
"1000 SE 160th Ave","apartment_complex","Vancouver","3a690fa0-8ac3-4204-abd6-0c4817fa6292","active",45.6148209,-122.508838,"civil_society","Fishers Mill Apartments","Cascade Highlands",98683,"social_service",""
"24433 Pacific Hwy S","auto_body_shop","Kent","57f3c883-e9b1-448e-a792-fb192f73ab24","active",47.3819804,-122.2980789,"automotive_services","Skip's Auto Body and Collision","Midway",98032,"automobile","supplies"
"2500 S 272nd St","apartment_complex","Kent","b5569b00-c12c-4c65-84c0-ca1735a4653c","active",47.3584165,-122.301564,"civil_society","The Village of Newport Apartments","",98032,"social_service",""
"13719 SE 18th St","apartment_rental_agency","Vancouver","94c293ea-3d3f-4bc0-8038-1f266684d808","active",45.6082279,-122.5308385,"home_services","Aspenridge","Cascade Park West, Lewis & Clark Woods",98683,"",""
"14 Boston St","dentist","Seattle","b31d9c4a-859a-4754-89aa-45705038601f","active",47.6385598,-122.3561524,"healthcare","Dr. Michal Friedrich","Queen Anne",98109,"specialties",""
