"ADDRESS","BUSINESS_CATEGORY","CITY","DATAPLOR_ID","DATAPLOR_STATUS","LATITUDE","LONGITUDE","MAIN_CATEGORY","NAME","NEIGHBORHOOD","POSTAL_CODE","SUB_CATEGORY","SUB_SUB_CATEGORY"
"2630 77th Ave SE","apartment_complex","Mercer Island","75d4d988-bc4d-4f95-91f4-8e0fa8c90c7e","active",47.5871602,-122.2348013,"civil_society","77 Central Apartments","Beaumont",98040,"social_service",""
"11050 16th Ave SW","apartment_complex","King County","f2876284-493c-4685-a6d5-f16045481440","active",47.5036527,-122.3546877,"civil_society","Shorewood Apartments","Shorewood, White Center",98146,"social_service",""
"1200 Mercer St","apartment_building","Seattle","ac545309-546f-4fbf-8023-ef586cb1f5b4","active",47.6244593,-122.33261,"professional_services","Mercerview Apartments","South Lake Union, Capitol Hill",98109,"specialized_services",""
"5905 125th Ave SE","consultant","Bellevue","5ea7ab3d-8733-46f9-97d2-01cd621b952c","inactive",47.5505984,-122.1744166,"professional_services","BCI+network LLC","Newport",98006,"licensed_professional",""
"16700 13th Ave W","electronics_company","Snohomish County","2e1944c2-cb78-47b3-8581-f1c8bc2cfc27","active",47.8462964,-122.2536941,"retail","Crane Aerospace & Electronics - Interpoint","",98037,"",""
"University of Washington Tower Building T, 4333 Brooklyn Ave NE","university","Seattle","c679af36-4180-4a31-87c5-7514a8f657fa","active",47.6607461,-122.3145838,"civil_society","University of Washington Press","University District",98105,"educational",""
"744 Richardson Rd","beauty_supply_store","San Juan County","e07b274d-55af-481f-a486-738384f35426","active",48.4626105,-122.9056752,"beauty","Arbordoun","",98261,"cosmetics","supplies"
"22051 68th Ave S","countertop_store","Kent","19822ed3-ee91-4c3d-9ad7-a16d26803673","active",47.4041886,-122.2507597,"retail","Cambria Sales and Distribution Center Showroom - Seattle","",98032,"",""
"914 E Terrace St","apartment_complex","Seattle","62da4500-8cf2-48e9-a68b-5a0c5d456c90","active",47.6053769,-122.3197588,"civil_society","Terrace View","Little Saigon, Yesler Terrace",98122,"social_service",""
"240 35th St NW","fire_station","Douglas County","65fd874c-1b90-494c-8427-0423c70bf171","active",47.4640537,-120.3033701,"civil_society","Wenatchee Valley Department Station 4","",98802,"government",""
