"ADDRESS","BUSINESS_CATEGORY","CITY","DATAPLOR_ID","DATAPLOR_STATUS","LATITUDE","LONGITUDE","MAIN_CATEGORY","NAME","NEIGHBORHOOD","POSTAL_CODE","SUB_CATEGORY","SUB_SUB_CATEGORY"
"2510 6th Ave","condominium_complex","Seattle","75466a88-fb24-4ca4-a312-39866115146b","active",47.618379,-122.344505,"civil_society","Spire Seattle Condominiums","South Lake Union, Belltown",98121,"social_service",""
"450 South Main St","condominium_complex","Seattle","c45d7570-2d66-43c3-9557-123b966f2288","active",47.6002447,-122.3280012,"civil_society","KODA Condominium Flats","West Edge, International District/Chinatown",98104,"social_service",""
"11755 12th Ave NE","day_care_center","Seattle","e131f576-ea41-412b-a325-3529f30432a9","active",47.7156502,-122.3155942,"civil_society","Nasri Family Child Care LLC","Northgate",98125,"social_service",""
"3828 168th Pl SE","preschool","Snohomish County","f921f36d-5a84-4899-9e68-e1554fa06c1e","active",47.8446883,-122.1806298,"civil_society","Kids Plus Preschool and Childcare","",98012,"educational",""
"2525 220th St SE","home_health_care_service","Bothell","3ff732ff-ed82-405e-9c9c-51a21ed07e0c","active",47.8000411,-122.199185,"healthcare","Seattle Children's Home Care Services","Canyon Park",98021,"pharmacy_supplies",""
"10212 5th Ave NE #140","acupuncturist","Seattle","b4386637-b549-4a32-8143-485570c2e1d5","active",47.70297,-122.322828,"healthcare","Beijing Men, OMD, L.Ac., EAMP","Maple Leaf",98125,"specialties",""
"49 Market St","boat_ramp","King County","9a4f8999-7da7-4abf-b838-643d03e20cb4","active",47.6754042,-122.209888,"travel","Marina Park Dock","",98033,"vacation_services",""
"8424 Pacific Ave","gas_station","Tacoma","0cd6d7eb-769a-4c73-ba11-b447c41288a6","active",47.1799181,-122.4343399,"retail","Chevron","Hillsdale",98444,"",""
"7370 Russell Rd","campground","Skagit County","a2a7605b-cb48-4301-a2a3-d0f4852fe05d","active",48.5386567,-121.8772957,"entertainment_and_recreation","Concrete / Grandy Creek KOA Holiday","",98237,"",""
"820 Newell St","synagogue","Bellingham","4adad6a6-2b25-4478-bf7f-d9398ce2bc06","inactive",48.737521,-122.4742559,"civil_society","Chabad Jewish Center","Sehome",98225,"social_service",""
