"ADDRESS","BUSINESS_CATEGORY","CITY","DATAPLOR_ID","DATAPLOR_STATUS","LATITUDE","LONGITUDE","MAIN_CATEGORY","NAME","NEIGHBORHOOD","POSTAL_CODE","SUB_CATEGORY","SUB_SUB_CATEGORY"
"NF-33","campground","Okanogan County","e7c6793a-10f7-4699-a694-ebe5df33af39","active",48.8525,-119.0508333,"entertainment_and_recreation","Lost Lake Group Campground","",98844,"",""
"3952 Highway 292","dollar_store","Stevens County","e7337a50-119c-47d0-8b9c-1ad18c3f54fc","active",48.05959,-117.62431,"retail","Dollar General","Loon Lake","","",""
"311 Customs Rd","organic_farm","Ferry County","1d016ea1-2c9b-42ab-b44e-219bf7964f35","active",48.8840396,-118.6664612,"healthcare","Kettle Haven Ranch","Curlew",99118,"pharmacy_supplies",""
"165 Round Up Rd","farm","Okanogan County","5928dcc7-ec5a-41a0-a656-466c4032822e","active",48.8195435,-119.3616514,"convenience_and_grocery_stores","Roundup Ranch","",98844,"consumer_goods","produce_and_fruit"
"10001 1st Ave NE","park_and_ride","Seattle","779bc318-46ff-47c2-a73a-2b88fac00a13","active",47.7013858,-122.3285083,"entertainment_and_recreation","Park and Ride lot","Licton Springs, Maple Leaf",98115,"sports_and_recreation",""
"10200 1st Ave NE","parking_lot_for_bicycles","Seattle","eeb137c5-5ac1-4fc6-8cff-3d7b4de573ed","active",47.7017638,-122.3275383,"civil_society","BikeLink : King Co: Northgate Transit Center","Licton Springs, Maple Leaf",98125,"social_service",""
"HRCV+R5","park","San Juan County","7d926ab7-5226-434c-a284-5a90f363f933","active",48.5720218,-123.1570903,"civil_society","Mitchell Island","",98250,"social_service",""
"7 4th St","window_treatment_store","Tonasket","d836d263-f139-4cad-b77a-88209b4a74cb","active",48.7046612,-119.4403472,"retail","House of Shades","",98855,"",""
"1014 Toroda Creek Rd","horse_breeder","Okanogan County","7caf0c19-bb74-41a3-97a5-33afd78d29f6","active",48.7990159,-118.903398,"professional_services","Promised Land Ranch","Old Toroda",98859,"",""
"1155 Chesaw Rd","general_contractor","Okanogan County","fb976c1b-9907-442e-8b16-a9d68e4b849d","inactive",48.9131157,-119.2193226,"professional_services","Mccoy's Repair & Remodel","Chesaw",98844,"licensed_professional",""
