"ADDRESS","BUSINESS_CATEGORY","CITY","DATAPLOR_ID","DATAPLOR_STATUS","LATITUDE","LONGITUDE","MAIN_CATEGORY","NAME","NEIGHBORHOOD","POSTAL_CODE","SUB_CATEGORY","SUB_SUB_CATEGORY"
"113 Lake St","apartment_building","Kirkland","8e521551-fd99-40e9-8bbb-d653dbff0e89","active",47.6750302,-122.2064969,"professional_services","Lake Street Apartments","Moss Bay",98033,"specialized_services",""
"3652 Birch Terrace Dr","general_contractor","Whatcom County","18b0f22f-5ff9-4637-8c99-5393c8bafbfc","inactive",48.9407552,-122.6792912,"professional_services","Northwest Hardscapes","",98240,"licensed_professional",""
"C88X+GW","public_wheelchair_accessible_bathroom","Skagit County","52208d11-5d13-4cd4-8bfa-0b78e09f3c4f","active",48.4162696,-122.6502373,"civil_society","Public Restroom","",98221,"",""
"941 W Larson Rd","steel_fabricator","Whatcom County","f619e489-3c32-414f-b076-5a0bdaeec318","active",48.8257949,-122.531529,"retail","RSin Metal","",98226,"",""
"25998 79th Ave SW","hiking_area","King County","6e6590d0-c537-4ee1-996b-34b6e8ee7fb7","active",47.3709586,-122.4329724,"entertainment_and_recreation","Bluffs Trailhead","",98070,"sports_and_recreation",""
"2905 Connelly Ave","physiotherapist","Bellingham","8da35238-6bbf-4723-b1d2-eb851492ebf8","inactive",48.7133251,-122.4795683,"healthcare","Amy Kennedy","South Bellingham",982258225,"specialties",""
"356 River Dr #218","coast_guard_station","Clallam County","2f78b0cd-26f8-4e90-a2b0-58da8033a527","active",47.9134561,-124.634238,"civil_society","USCG STA QUILLAYUTE","La Push",98350,"government",""
"6006 Summitview Ave","dentist","Yakima","e5a56a77-82bb-4096-bcd5-cdd5109680dd","active",46.5996527,-120.588602,"healthcare","Dr. Timothy G. Gutmann, DDS","",98908,"specialties",""
"16096 SE 15th St","physiotherapy_center","Vancouver","c19d2a6a-eef7-4a2c-bd46-8bdf5da9a5c3","active",45.6111774,-122.5071587,"healthcare","Adventist Health Physical Therapy - Vancouver","Cascade Highlands",98683,"hospitals_clinics",""
"500 Broadway St # 400","law_firm","Vancouver","3fed2c5b-7b91-40ad-bc50-d13a9d205691","active",45.625324,-122.6708391,"professional_services","Miller Nash LLP","Esther Short",98660,"specialized_services",""
