"ADDRESS","BUSINESS_CATEGORY","CITY","DATAPLOR_ID","DATAPLOR_STATUS","LATITUDE","LONGITUDE","MAIN_CATEGORY","NAME","NEIGHBORHOOD","POSTAL_CODE","SUB_CATEGORY","SUB_SUB_CATEGORY"
"6532 Phinney Ave N","arts_organization","Seattle","9600dc86-aad3-4a9f-9617-a33a97a8f2bc","active",47.677133,-122.3539957,"civil_society","Seattle Folklore Society","Phinney Ridge",98103,"social_service",""
"30 Longanecker Rd #20","steel_fabricator","Okanogan County","5018fdc9-5a6f-419a-8aa9-9283601ee8de","active",48.69317,-119.447586,"retail","HydeMade","",98855,"",""
"1715 Main St","church","Oroville","d9a0be60-b0fe-487b-87a7-646dfaeed1c0","active",48.941265,-119.4334948,"civil_society","Immaculate Conception Catholic Church","",98844,"social_service",""
"28 Eden Valley Lane","horseback_riding_service","Okanogan County","035e56db-0902-489f-9703-7eef0577477d","active",48.9049918,-119.2431497,"entertainment_and_recreation","Eden Valley Trail Rides","",98844,"sports_and_recreation",""
"Pacific Crest Trail 2000","hiking_area","Whatcom County","4033421a-28b5-4df0-ba62-5340515c1be8","active",48.7216251,-120.6696012,"entertainment_and_recreation","Pacific Crest Trail","",98862,"sports_and_recreation",""
"204 Lester Way","historical_landmark","Clallam County","683f910e-2dcb-4c72-a004-5834659efa43","active",48.0546067,-123.114997,"civil_society","Manis Mastodon Site Plaque","",98382,"social_service",""
"13075 Gateway Dr S","doctor","Tukwila","482b2d19-a4b8-4399-a01b-a048f3f7a80a","active",47.4881657,-122.2713756,"healthcare","Discovery Health MD, LLC","Allentown",98168,"specialties",""
"700 110th Ave NE Suite 270","real_estate_agents","Bellevue","af0ccfec-8944-4ac6-b1d3-038d17c69026","active",47.6162426,-122.1929701,"professional_services","Alex McGee, COMPASS","West Bellevue",98004,"licensed_professional",""
"1621 12th Ave","performing_arts_theater","Seattle","aa85beff-5895-4615-b90e-948fdc1a5ec7","active",47.6159332,-122.3172136,"entertainment_and_recreation","Exit Space NOD Theater","Capitol Hill",98122,"performance_entertainment",""
"5215 Corporate Center Ct SE Suite A","real_estate_agents","Lacey","311324b5-a16e-4595-8fa2-568bdb68d533","active",47.00087025,-122.82505057,"professional_services","Laura McGee Realty","",98503,"licensed_professional",""
