"ADDRESS","BUSINESS_CATEGORY","CITY","DATAPLOR_ID","DATAPLOR_STATUS","LATITUDE","LONGITUDE","MAIN_CATEGORY","NAME","NEIGHBORHOOD","POSTAL_CODE","SUB_CATEGORY","SUB_SUB_CATEGORY"
"10619 E Riverside Dr #37","apartment_building","Bothell","7214e15b-1d5e-4317-8b36-0a2771344e50","active",47.755263,-122.1984292,"professional_services","Village Apartments","",98011,"specialized_services",""
"17438 Bothell Way NE","condominium_complex","Bothell","28437486-0129-4c41-9346-9337832b705b","active",47.7548628,-122.2111238,"civil_society","Riverfront Condos","",98011,"social_service",""
"102 S Jackson St","corporate_office","Seattle","5fff917e-1e07-489d-96c9-3a5ba67b59c7","inactive",47.5993042,-122.3339444,"civil_society","Peach","International District/Chinatown",98104,"",""
"730 207th Pl SE","apartment_building","Snohomish County","83fa9021-fd1a-482c-a5f7-b998c7e8f48b","active",47.8099555,-122.2218356,"professional_services","Cherrywood (Townhomes & Apartments)","North Creek",98012,"specialized_services",""
"1805 186th Pl SE","apartment_complex","Snohomish County","93b42a96-816e-43a8-bdb3-556ec95e3a84","active",47.828873,-122.208482,"civil_society","Waterstone at Silver Creek","North Creek",98012,"social_service",""
"2021 201st Pl SE","apartment_complex","Snohomish County","0550bd9f-cbc3-472f-ac7f-20695838155f","active",47.8164519,-122.2059818,"civil_society","Shangri La Apartments","Kennard Corner",98012,"social_service",""
"1910 189th Pl SE","apartment_complex","Snohomish County","f17beb8b-bee6-478d-b6bb-0e64c05e839e","active",47.8261389,-122.2075901,"civil_society","Silver Creek Apartment Homes","Kennard Corner",98012,"social_service",""
"16720 North Rd","apartment_building","Snohomish County","73196487-784f-4c28-a690-8551fef7a4bd","active",47.8462984,-122.2362863,"professional_services","North Country Manor","",98012,"specialized_services",""
"9834 NE 190th St","apartment_complex","Bothell","539d4645-82fd-46fc-bf8b-b68bae275119","active",47.7667338,-122.2088803,"civil_society","Heritage Park Apartment Homes","",98011,"social_service",""
"1308 M.L.K. Jr Way","tea_house","Tacoma","346608e1-0f56-4ef2-be9f-09712eee6823","active",47.2495595,-122.4515632,"dining","Obscura","G Street Neighborhood",98405,"cafe",""
