"ADDRESS","BUSINESS_CATEGORY","CITY","DATAPLOR_ID","DATAPLOR_STATUS","LATITUDE","LONGITUDE","MAIN_CATEGORY","NAME","NEIGHBORHOOD","POSTAL_CODE","SUB_CATEGORY","SUB_SUB_CATEGORY"
"5727 Baker Way NW","association_or_organization","Pierce County","e9086c2a-32d2-4c81-a615-77cecc9aef80","inactive",47.3698152,-122.6148388,"civil_society","NWHPBA","",98332,"social_service",""
"5727 Baker Way NW # 202","software_company","Pierce County","115d9df7-077f-46f4-b0fa-d5e5aa67db1c","active",47.3698152,-122.6148388,"professional_services","Settrax","",98332,"specialized_services",""
"5400 Carillon Point","mortgage_lender","Kirkland","d70d8935-018e-41cb-bbac-bf5426b0facc","inactive",47.6549247,-122.2059309,"transportation_services","Sunset West Mortgage","Houghton",98033,"private_transportation",""
"1340 N Wenatchee Ave","money_transfer_service","Wenatchee","769de652-d15c-48e0-b04a-76309a6cab68","active",47.44177,-120.328202,"civil_society","Western Union","",98801,"social_service",""
"Rite Aid, 1380 N Miller St","money_transfer_service","Wenatchee","5916fba5-98aa-44b1-aaf9-090031fdac33","active",47.4421129,-120.3247678,"civil_society","Western Union","",98801,"social_service",""
"1050 N Miller St","money_transfer_service","Wenatchee","523225df-8ba7-4407-9f47-bd115e8984c2","active",47.4363222,-120.3255784,"civil_society","Western Union","",98801,"social_service",""
"501 N Miller St","money_transfer_service","Wenatchee","2b5e9953-db19-41df-8f44-a2ac0c8de0f9","active",47.4308992,-120.3235845,"civil_society","Western Union","",98801,"social_service",""
"2000 N Wenatchee Ave","money_transfer_service","Wenatchee","c48e508e-e2a2-4658-9e7a-ee9e87d5bd11","active",47.45405,-120.339213,"civil_society","Western Union","",98801,"social_service",""
"18850 103rd Ave SW #202","construction_company","King County","88414c54-fcba-4652-9cf6-b9cf106e17d9","active",47.4351368,-122.4651467,"civil_society","Baron Construction","Roseballen",98070,"",""
"18109 Vashon Hwy SW","excavating_contractor","King County","f9ca3552-f119-4600-8d4a-68948199fb67","active",47.442446,-122.461929,"home_services","Kevin Bergin Construction","Roseballen",98070,"services",""
