"ADDRESS","BUSINESS_CATEGORY","CITY","DATAPLOR_ID","DATAPLOR_STATUS","LATITUDE","LONGITUDE","MAIN_CATEGORY","NAME","NEIGHBORHOOD","POSTAL_CODE","SUB_CATEGORY","SUB_SUB_CATEGORY"
"1002 W Riverside Ave","massage_therapist","Spokane","b893b2ca-2b37-4332-b308-0c855caf5aab","active",47.6587901,-117.4271095,"healthcare","Sacred Bodywork Massage","Riverside",99201,"hospitals_clinics",""
"280 Hardie Ave SW #3","dentist","Renton","8c15d800-38d1-49ba-bfd2-36819c2b6d03","active",47.4802278,-122.2187704,"healthcare","Dr. Justin Courtney, DDS","",98057,"specialties",""
"1020 Bellevue Square","dessert_shop","Bellevue","ba85a1f9-9567-4ca5-a7e0-33d9bf1353ce","active",47.6163471,-122.2046499,"dining","Ice Monster - Bellevue","West Bellevue",98004,"cafe",""
"233035, US-101","campground","Clallam County","4e9c5937-82bf-4d92-a7b8-3657cb8e3023","active",48.0847283,-123.7087437,"entertainment_and_recreation","Wandering Joy Campground","Maple Grove",98363,"",""
"2014 E Yesler Wy","apartment_building","Seattle","7cf8db03-9ef4-4abc-9ca3-14b358fcfb5a","active",47.601847,-122.3057027,"professional_services","Clairemont Apartments","Central District",98122,"specialized_services",""
"8119 Stone Ave N","acupuncturist","Seattle","11bb613a-027e-4cae-8e12-d0247ee76adf","active",47.6882667,-122.342012,"healthcare","Inger Johnson, L.Ac., EAMP","Licton Springs, Greenwood",98103,"specialties",""
"115 NE 100th St","marriage_counselor","Seattle","25ceff15-339b-4883-8689-00892e73339a","active",47.7010109,-122.3265826,"professional_services","Judy L. Davis, LMFT","Maple Leaf",98125,"licensed_professional",""
"117 NW 85th St","indoor_cycling","Seattle","b174c2df-6b95-4e40-a864-2e4552c9998a","active",47.6904647,-122.3589622,"entertainment_and_recreation","City Cycle","Greenwood",98117,"sports_and_recreation",""
"15500 Washington Ave NE","marina","Kitsap County","7fb99000-371d-4afb-95f7-059e13510b3b","active",47.7042732,-122.6241086,"civil_society","Keyport Marina","",98345,"social_service",""
"1850 130th Ave NE Suite 2","wine_club","Bellevue","f5603e66-8751-4a32-87da-2c5c46003d2a","active",47.6270732,-122.1654391,"bars","Crunchy Red Fruit","South Park",98005,"themed_clubs",""
