"ADDRESS","BUSINESS_CATEGORY","CITY","DATAPLOR_ID","DATAPLOR_STATUS","LATITUDE","LONGITUDE","MAIN_CATEGORY","NAME","NEIGHBORHOOD","POSTAL_CODE","SUB_CATEGORY","SUB_SUB_CATEGORY"
"215 Van Giesen St","chiropractor","Richland","eff6583f-3793-4501-b873-61abef441243","active",46.2941892,-119.2756169,"healthcare","Cornerstone Family Chiro","Gold Coast District",99354,"specialties",""
"294 Torbett St","chiropractor","Richland","85702069-c893-4094-887e-0353a5d16aed","inactive",46.2923486,-119.2769064,"healthcare","Robert Betzler","Gold Coast District",99354,"specialties",""
"300 Torbett St","chiropractor","Richland","07031a63-20aa-4f5c-9424-02dfbaf55a1a","active",46.2924383,-119.277512,"healthcare","Richland Family Chiropractic","Gold Coast District",99354,"specialties",""
"632 N Oakridge Dr","supermarket","Clallam County","4bf02595-7c36-4054-b4d3-a35f9caf44c3","active",48.1107438,-123.3660841,"retail","The Market","Mount Pleasant",98362,"",""
"4791 W Van Giesen St","chiropractor","West Richland","f5d34293-1435-495c-b3d1-4e244588483f","active",46.3009061,-119.3508944,"healthcare","Robert H. Perkes, DC","",99353,"specialties",""
"1305 Mansfield St #4","chiropractor","Richland","4ebb2746-a339-47e8-a83f-8131c1982c7d","active",46.2780684,-119.2831987,"healthcare","Richland Chiropractic Center","",99352,"specialties",""
"604 Williams Blvd # A","chiropractor","Richland","d8bf8d9b-5bac-421f-86cf-51b7acce8d9d","inactive",46.2860375,-119.2798566,"healthcare","Gregory Oberg","",993543207,"specialties",""
"604 Williams Blvd # A","chiropractor","Richland","2ab693dd-2fae-4a60-8cdb-13e89be332cd","active",46.2860375,-119.2798566,"healthcare","Dr. Colin White","",99354,"specialties",""
"325 Wellsian Way","chiropractor","Richland","58f36a77-48e5-4146-ba97-a3338fa32693","active",46.2687516,-119.285679,"healthcare","Garberg Chiropractic","",99352,"specialties",""
"604 Williams Blvd # A","massage_therapist","Richland","f044c398-9d2e-4dc9-9895-e9019c1220b4","active",46.2860375,-119.2798566,"healthcare","Chiropractic Care of Tri-Cities","",99354,"hospitals_clinics",""
