"ADDRESS","BUSINESS_CATEGORY","CITY","DATAPLOR_ID","DATAPLOR_STATUS","LATITUDE","LONGITUDE","MAIN_CATEGORY","NAME","NEIGHBORHOOD","POSTAL_CODE","SUB_CATEGORY","SUB_SUB_CATEGORY"
"Office 3921, E 4th Plain Blvd","mobile_home_park","Vancouver","f23ba61f-9cd1-4ea2-bd4d-613eae08d59d","active",45.6373914,-122.6272264,"travel","Vancouver Mobile Terrace","Maplewood",98661,"",""
"3303 NE 78th Ave","apartment_complex","Vancouver","f1070e9a-6478-47aa-84e3-af968ce9f962","active",45.6457498,-122.5924886,"civil_society","The Meadows","Ogden",98662,"social_service",""
"3305 Main St SUITE 107","massage_therapist","Vancouver","afd03d45-4c51-432c-95d3-5633b111577d","active",45.6456477,-122.6683946,"healthcare","Desert Rose Massage","Shumway",98663,"hospitals_clinics",""
"6002 NE 152nd Ave","boat_storage_facility","Vancouver","8377eaf9-8b12-4f90-a160-693fee70bea2","active",45.666218,-122.517498,"professional_services","Pedron Auto Boat & RV Storage","Burnt Ridge Creek",98682,"",""
"10532-, 10606 NE 14th St","park","Vancouver","c04bdc8c-6e3b-4499-98b5-9d87bcb35a0d","active",45.6321853,-122.5646262,"civil_society","Tranquility Nature Area","Marrion",98664,"social_service",""
"505 NE 87th Ave Ste 200","medical_lab","Vancouver","0d90349b-582a-4647-aa79-12683bf6e9b7","active",45.6251714,-122.5829766,"healthcare","Quest Diagnostics","North Garrison Heights",98664,"hospitals_clinics",""
"20622 Miller Bay Rd NE","boat_repair_shop","Kitsap County","41af8231-8a64-4cbd-8790-caaaf0ac4ffa","active",47.7489185,-122.5615637,"professional_services","Miller Bay Marine","",98370,"specialized_services",""
"1465 Slater Rd","research_and_product_development","Whatcom County","fcc36180-e289-44bf-84e1-d9980beae3a4","active",48.8175993,-122.5618469,"professional_services","Manufacturing Automation Laboratories","Brennan",98248,"specialized_services",""
"900 NE 139th St Suite 106","dentist","Clark County","b2e3e479-3541-4735-a58d-ff0fe0cc1b4b","active",45.7222127,-122.6620337,"healthcare","Neil David S DDS","North Salmon Creek",98686,"specialties",""
"701 SE 139th Ave","apartment_complex","Vancouver","627dab10-4bd0-454d-bc7d-ec7baad028c1","active",45.6165515,-122.5286736,"civil_society","Quail Run Apartments","Mountain View",98683,"social_service",""
