"ADDRESS","BUSINESS_CATEGORY","CITY","DATAPLOR_ID","DATAPLOR_STATUS","LATITUDE","LONGITUDE","MAIN_CATEGORY","NAME","NEIGHBORHOOD","POSTAL_CODE","SUB_CATEGORY","SUB_SUB_CATEGORY"
"960 Harris Ave #101","real_estate_agents","Bellingham","ac0f7a26-e727-48b7-b485-b827c5117264","active",48.7199639,-122.504991,"professional_services","DeVante Blow - Real Estate","Fairhaven",98225,"licensed_professional",""
"355 Hudson St","canoe_and_kayak_store","Port Townsend","557fef3c-70c7-4b4a-9388-097ae2cda9f6","inactive",48.1179321,-122.7508902,"retail","Pygmy Boats","",98368,"",""
"736 Claire Ln","lodge","Point Roberts","7381e28b-a130-4bcf-b276-679e76ffd078","inactive",48.9764161,-123.0294508,"travel","Lily Point Park Lodge","",98281,"lodging",""
"10735 Willows Rd NE","business_center","Redmond","900003fc-63bc-411b-8589-9d09a1b44a11","active",47.6958898,-122.1531618,"civil_society","Willow Creek Corporate Center","Earlmont",98052,"social_service",""
"14500 51st Ave NE","apartment_complex","Marysville","1567b6c2-1fa5-41f1-8136-9cf3ce27637c","active",48.1273874,-122.1629988,"civil_society","Remington Place Apartments","",98271,"social_service",""
"2208 NW Market St","counselor","Seattle","63047b77-16c2-497e-a158-3f6e9a74aee4","active",47.6689279,-122.385331,"professional_services","Sarah L Palmer","Ballard",98107,"licensed_professional",""
"8701 15th Ave NW","preschool","Seattle","ee4a7b6e-54ff-4309-ac05-e73764e84a99","active",47.6926231,-122.3770626,"civil_society","Willow Tree Chinese Preschool","Crown Hill",98117,"educational",""
"2815 Elliott Ave Suite 101","brewery","Seattle","6351cf57-db46-4ae9-a5d8-4038cd2895e5","active",47.6149826,-122.3539582,"bars","Here Today Brewery & Kitchen","Belltown",98121,"specialized",""
"601 E Pike St","apartment_complex","Seattle","ac3da48d-f8df-49ef-9db4-3903ded556e6","active",47.613925,-122.3240996,"civil_society","Cove Apartments","First Hill",98122,"social_service",""
"9 Hope Ln","divorce_service","San Juan County","77418272-8458-4780-95e0-a729be2a841e","active",48.7027925,-122.9145747,"civil_society","OurDivorce","Camp Orkila",98245,"government",""
