"ADDRESS","BUSINESS_CATEGORY","CITY","DATAPLOR_ID","DATAPLOR_STATUS","LATITUDE","LONGITUDE","MAIN_CATEGORY","NAME","NEIGHBORHOOD","POSTAL_CODE","SUB_CATEGORY","SUB_SUB_CATEGORY"
"501 N 34th St #101","gastroenterologist","Seattle","e1505f8e-afb7-4308-a68c-79f8600ad195","active",47.6497031,-122.3518586,"healthcare","Gastro Health - Seattle - Fremont","Fremont",98103,"specialties",""
"12407 NE 124th St","check_cashing_service","Kirkland","b9c19e54-0e2a-48ac-ba25-e93865253a8c","active",47.7085047,-122.1751151,"civil_society","Moneytree","Firloch",98034,"",""
"6203 28th Ave NE","social_worker","Seattle","7dd12a2d-7060-44db-8150-cd40c4e2c556","active",47.6742071,-122.2977622,"professional_services","Robin G. Shapiro, LICSW","Ravenna, University District",98115,"licensed_professional",""
"4339 W Kennewick Ave","chiropractor","Kennewick","6b38d2b6-6054-426f-bbf2-11dc61a60c84","active",46.209278,-119.1783869,"healthcare","Chan Chiropractic and Massage","Highlands",99336,"specialties",""
"4339 W Kennewick Ave","chiropractor","Kennewick","7011239d-7dcb-447e-9e7d-dc79f794282a","active",46.209347,-119.1784175,"healthcare","Theodore W. Chan, DC","Highlands",99336,"specialties",""
"1700 Cooper Point Rd SW Suite A4","acupuncture_clinic","Olympia","9df4fbc5-4eac-4a40-9fd3-0e82f65e6cf9","active",47.0335144,-122.9340128,"healthcare","Caspian Acupuncture","Quixote Village",98502,"specialties",""
"2415 Evergreen Park Dr SW","real_estate_agents","Olympia","11e9e21b-ea24-4384-b546-167b39f2cb0e","active",47.0273101,-122.9156159,"professional_services","Cherie Allen, Real Estate Agent & Residential Appraiser","",98502,"licensed_professional",""
"2424 Evergreen Park Dr SW","holding_company","Olympia","1599a346-d65d-4295-af7b-4db202e2ea92","active",47.0271132,-122.9147203,"professional_services","MPH Holdings Inc","",98502,"",""
"2401 Bristol Ct SW","business_management_consultant","Olympia","f5b71ea2-4ce4-4fb6-a7f5-e4609de67a60","inactive",47.0273446,-122.9173878,"professional_services","BRK Management","",98502,"licensed_professional",""
"1910 Evergreen Park Dr SW","condominium_complex","Olympia","1bddb5ee-5062-40df-b0fa-0146e6ba9869","active",47.0305737,-122.9149908,"civil_society","Capitol Lake Towers Office","",98502,"social_service",""
