"ADDRESS","BUSINESS_CATEGORY","CITY","DATAPLOR_ID","DATAPLOR_STATUS","LATITUDE","LONGITUDE","MAIN_CATEGORY","NAME","NEIGHBORHOOD","POSTAL_CODE","SUB_CATEGORY","SUB_SUB_CATEGORY"
"515 Harvard Ave E","apartment_building","Seattle","e1631e72-3cf8-4960-b981-a3df79c237af","active",47.6236898,-122.3222815,"professional_services","Rubix Apartments","Capitol Hill",98102,"specialized_services",""
"1631 E Olive Wy","cocktail_bar","Seattle","6ca0c8ce-62a7-4d22-a978-c19264717076","active",47.6193475,-122.3244288,"bars","The Doctor's Office","Capitol Hill",98102,"specialized",""
"4527 University Wy NE","tea_house","Seattle","9b7e3e33-270d-4649-8f34-36e183b90631","active",47.6621033,-122.3132578,"dining","Tea Republik","University District",98105,"cafe",""
"7614 195th St SW Suite 101","marriage_counselor","Edmonds","fadf50bc-f174-479e-ae39-b107cae14b6e","inactive",47.8219349,-122.3365279,"professional_services","Stephanie Bates","",980266260,"licensed_professional",""
"915 S Ely St","boat_dealer","Kennewick","9a99f5eb-0e00-4d84-bbcf-102b651f24f6","active",46.1989396,-119.1572601,"transportation_services","Traveland RV & Marine","",99336,"",""
"714 N 95th St","apartment_building","Seattle","74a49051-5a3d-4da7-8725-1acdf7820444","active",47.6980761,-122.3493016,"professional_services","Cubix 95","Greenwood",98103,"specialized_services",""
"1330 N 90th St","middle_school","Seattle","af8c8846-d48a-4d0e-bb78-7fb62d6c9c0b","active",47.6948154,-122.3412025,"civil_society","Robert Eagle Staff Middle School","Licton Springs, Greenwood",98103,"educational",""
"3670 Stone Way N","alternative_medicine_practitioner","Seattle","f346f2ee-f39d-416d-b42a-067a2b071edb","active",47.652079,-122.342399,"healthcare","John Hibbs, ND","Fremont",98103,"hospitals_clinics",""
"7805 170th Pl NE","apartment_rental_agency","Redmond","f2e09169-9247-4319-8f6a-38d6089cf557","active",47.6728933,-122.1133527,"home_services","Delano","Downtown",98052,"",""
"Apex Apartments, 4233 7th Ave NE","apartment_complex","Seattle","fbf6443f-5387-4926-9ac4-c0a859ef761b","active",47.6586702,-122.3210809,"civil_society","U-District Student Housing: Apex Apartments","University District",98105,"social_service",""
