"ADDRESS","BUSINESS_CATEGORY","CITY","DATAPLOR_ID","DATAPLOR_STATUS","LATITUDE","LONGITUDE","MAIN_CATEGORY","NAME","NEIGHBORHOOD","POSTAL_CODE","SUB_CATEGORY","SUB_SUB_CATEGORY"
"12219 NE 64th St","tax_preparation_service","Kirkland","3f0d99f1-64e6-41c1-9b70-f70e112f4fc9","inactive",47.6629199,-122.1765284,"professional_services","Sjs Tax Services","Bridle Trails",98033,"specialized_services",""
"8326 Woodland Ave E","software_company","Puyallup","a87eb554-6687-4517-b33d-22591dd8edc0","inactive",47.1808172,-122.3368112,"professional_services","SelbySoft, Inc.","Midland",98371,"specialized_services",""
"1127 10th Ave E #6","psychologist","Seattle","1712da8f-f8c5-4b6d-b175-90ed330292f7","active",47.6295196,-122.3205588,"healthcare","Michael Maguire,Psy.D","Capitol Hill",98102,"specialties",""
"718 228th Ave NE","real_estate_agency","Sammamish","b85a14a6-af31-48c9-b14a-d629c782b064","active",47.6161053,-122.0334376,"professional_services","John L. Scott Real Estate | Sammamish","",98074,"specialized_services",""
"12201 Ambaum Blvd SW","apartment_building","Burien","c769490e-baf9-4bcc-8e7d-198d1baad89f","active",47.4934211,-122.3505113,"professional_services","Forest View","Mount View",98146,"specialized_services",""
"1314 8th St NE # 102","orthodontist","Auburn","67fbdcac-bf62-41a7-8816-b24d2349d4de","active",47.3149986,-122.2125396,"healthcare","Dr. Heather A. Woloshyn, DDS","Rivers Bend",98002,"specialties",""
"1215 4th Ave Ste 1901","non_profit_organization","Seattle","f52beddc-0040-4fcb-87e1-5964f4da332c","active",47.6078002,-122.3347178,"civil_society","Washington State Medical Association","Central Business District, Belltown",98161,"social_service",""
"6601 W Deschutes Ave","association_or_organization","Kennewick","56cb0d60-74a7-4b08-8866-275f22ec9397","active",46.2160135,-119.2105486,"civil_society","Washington State Grape Society","",99336,"social_service",""
"509 Olive Wy # 833","non_profit_organization","Seattle","24111f48-3105-4898-8127-b17c077b3e71","active",47.612851,-122.3366907,"civil_society","Washington State Budget & Policy","Central Business District, Belltown",98101,"social_service",""
"225 Andover Park W #88174","association_or_organization","Tukwila","10bfdcec-a14f-480d-8e93-9f6bb6560842","active",47.4566996,-122.25503,"civil_society","Washington State Public Health Association","Southcenter",98188,"social_service",""
