"ADDRESS","BUSINESS_CATEGORY","CITY","DATAPLOR_ID","DATAPLOR_STATUS","LATITUDE","LONGITUDE","MAIN_CATEGORY","NAME","NEIGHBORHOOD","POSTAL_CODE","SUB_CATEGORY","SUB_SUB_CATEGORY"
"NF-6500","campground","Chelan County","4830875d-b51f-4230-8c2a-ce8c53933a56","active",47.8755,-121.013,"entertainment_and_recreation","Lake Creek Campground - Little Wenatchee River","",98826,"",""
"WEST SEATTLE PROFESSIONAL BUILDING, 4505 44th Ave SW","counselor","Seattle","f82faa68-decd-4972-b052-7bd2c8a51eb3","active",47.5627059,-122.3886554,"professional_services","Jeffrey L. Morrison, MA","West Seattle",98116,"licensed_professional",""
"NF-8040","campground","Yakima County","32ecb11f-c042-4485-87d8-70040c54d34d","active",46.12921,-121.517,"entertainment_and_recreation","Morrison Creek Campground","","","",""
"24945 Frager Rd","park","Kent","49812c20-f57c-4be5-b428-4182f7909761","active",47.3769922,-122.2691246,"civil_society","Old Fishing Hole","",98032,"social_service",""
"17801 International Blvd","airport","SeaTac","363934dc-e430-4c2c-9db1-a2ed0d9649a0","active",47.443558,-122.3000149,"travel","Seattle-Tacoma International Airport (SEA) Parking Garage","McVan",98188,"vacation_services",""
"1350 W Woodin Ave","marina","Chelan","c19e4b76-4b86-48d1-bdbf-135b5411f53f","active",47.8364778,-120.0378693,"civil_society","The Sunset Marina","",98816,"social_service",""
"3030 W Commodore Way","marina","Seattle","aaeec33a-e2a2-4c7e-9975-d15438b7c757","active",47.6633646,-122.3958083,"civil_society","Lockhaven Marina Inc","Lawton Park, Land's End",98199,"social_service",""
"2925 Fairview Ave E","marina","Seattle","53a6e0cf-a6fc-45ff-b3ef-b684ec29e703","active",47.6486979,-122.3251326,"civil_society","Thunderbird Marina","Eastlake, Wallingford",98102,"social_service",""
"135 Lake St S","marina","Kirkland","bf96ec4a-d724-4b51-8617-2fcbd5552aea","active",47.6742334,-122.2067039,"civil_society","Kirkland Homeport Marina","Moss Bay",98033,"social_service",""
"1327 N Northlake Way","marina","Seattle","11d32966-f42d-4b6b-b502-09b08dc9030b","active",47.6478578,-122.3416839,"civil_society","Affinity Marina","Fremont",98103,"social_service",""
