"ADDRESS","BUSINESS_CATEGORY","CITY","DATAPLOR_ID","DATAPLOR_STATUS","LATITUDE","LONGITUDE","MAIN_CATEGORY","NAME","NEIGHBORHOOD","POSTAL_CODE","SUB_CATEGORY","SUB_SUB_CATEGORY"
"17801 International Blvd","airline","SeaTac","aea955d3-3664-4e53-8774-c4f34dfa66ae","inactive",47.4451913,-122.3037444,"transportation_services","Turkish Airlines","",98158,"public_transportation",""
"105 W 8th Ave","nurse_practitioner","Spokane","941dae7c-eeff-42cf-a6e3-fd2b15f43b05","active",47.6483693,-117.413064,"healthcare","Ryan P. Townsend, ARNP","Cliff/Cannon",99204,"specialties",""
"105 W 8th Ave Ste 100","medical_diagnostic_imaging_center","Spokane","d0c71d50-3e3b-4303-9c58-6ed31c0e0305","active",47.6478718,-117.413304,"healthcare","Inland Imaging","Cliff/Cannon",99204,"hospitals_clinics",""
"6363 7th Ave S","acupuncture_clinic","Seattle","0b7bbaa2-131c-4339-ba1c-62b0502c8d67","active",47.5449338,-122.3254057,"healthcare","Marguerite Dinkins, L.Ac., MAcOM","Van Asselt, Georgetown",98108,"specialties",""
"11201 88th Ave E #120","pediatric_dentist","Pierce County","fe91f260-e2df-4345-9329-0af534e371ce","active",47.1545201,-122.3113245,"healthcare","Puyallup Pediatric Dentistry","",98373,"specialties",""
"5 W Alder St #314","produce_wholesaler","Walla Walla","67b996e6-0302-4a51-aa74-9124f53857d6","inactive",46.0655953,-118.3387429,"retail","FC Bloxom","",99362,"",""
"1542 Bishop Rd SW bldg 10","naturopathic_practitioner","Tumwater","629b63f3-a4a3-40cb-bf97-84b831d5e2d5","active",46.991112,-122.9222442,"healthcare","Dr. Jennifer Booker ND, Natural Health Works","",98512,"specialties",""
"2180 Beacon Ave","fishing_charter","Montesano","ac032cfe-841d-4480-9343-92b8b8fd5c76","active",46.984948,-123.573855,"transportation_services","Washington State Fishing Guides","",98563,"",""
"3724 Ensign Rd NE","park","Olympia","0202a39a-b664-4696-a43c-177b605b083d","inactive",47.0512708,-122.8404418,"civil_society","Talisman park","",98506,"social_service",""
"14515 NE 20th St","asian_grocery_store","Bellevue","39374b2f-4622-4d93-a45d-151e17ffd049","active",47.6267693,-122.146396,"convenience_and_grocery_stores","Asian Family Market Bellevue","Crossroads",98007,"specialty_goods",""
