"ADDRESS","BUSINESS_CATEGORY","CITY","DATAPLOR_ID","DATAPLOR_STATUS","LATITUDE","LONGITUDE","MAIN_CATEGORY","NAME","NEIGHBORHOOD","POSTAL_CODE","SUB_CATEGORY","SUB_SUB_CATEGORY"
"5605 Summitview Ave","money_transfer_service","Yakima","48186755-db2a-4d31-a433-a133f7fc3535","active",46.6013885,-120.5840868,"civil_society","Western Union","",98908,"social_service",""
"7505 Sandifur Pkwy STE 102","atm","Pasco","fbb03b0c-6b90-4bb4-95fb-d724617cb465","active",46.2783799,-119.1892656,"civil_society","CoinFlip Bitcoin ATM","",99301,"",""
"1303 E Lewis St","atm","Pasco","69eab4cd-a486-4eb9-8585-485d3ae21d88","active",46.2339392,-119.0797593,"civil_society","LibertyX Bitcoin ATM","",99301,"",""
"2221 E Lewis St","atm","Pasco","7ddd7313-ad43-49b5-b793-e0eff9022272","active",46.2340387,-119.0676485,"civil_society","LibertyX Bitcoin ATM","",99301,"",""
"7301 W Deschutes Ave","podiatrist","Kennewick","724443a6-5b62-41b5-ad2a-d798de0b4a2d","active",46.2123467,-119.2210145,"professional_services","Advanced Foot & Ankle Clinic, PC","Southridge",99336,"licensed_professional",""
"26420 Maple Valley Black Diamond Rd SE Ste L100","cell_phone_store","Maple Valley","a2d596ab-66dc-4d4d-8c8a-3a123c3d6adf","inactive",47.3649168,-122.0212823,"retail","Sprint","Danville",98038,"",""
"607 SE Everett Mall Way Suite O","massage_therapist","Everett","9fa6fb17-eb37-4805-b218-c6a478337843","inactive",47.9100689,-122.2240751,"healthcare","Health foot massage","Cascade View",98208,"hospitals_clinics",""
"7414 S 206th St","manufacturer","Kent","790b73a0-cea0-467a-9d8c-b8b3466391e9","active",47.4188232,-122.2412033,"retail","Mutual Materials / Manufacturing Facility (Not open to the public)","",98032,"",""
"1402 SE Everett Mall Way","watch_repair_service","Everett","5f697a92-0be6-4478-b59a-644bc34d41e2","inactive",47.9113747,-122.21277,"professional_services","Watchmasters","Cascade View",98208,"specialized_services",""
"2400 Auburn Way S","fireworks_store","Auburn","cc061265-2de1-4697-8ba3-725614212828","active",47.2900515,-122.1999194,"retail","Great Grizzly Fireworks","Forrest Villa",98002,"",""
