"ADDRESS","BUSINESS_CATEGORY","CITY","DATAPLOR_ID","DATAPLOR_STATUS","LATITUDE","LONGITUDE","MAIN_CATEGORY","NAME","NEIGHBORHOOD","POSTAL_CODE","SUB_CATEGORY","SUB_SUB_CATEGORY"
"1599-1387 Herrick Rd","hiking_area","Clallam County","e00f2c14-0087-43c2-a86c-7ce0fe9b848f","active",48.0463153,-123.6025381,"entertainment_and_recreation","West Elwha Trail Trailhead","",98363,"sports_and_recreation",""
"390 Hammond St","housing_development","Blaine","d8e2fbd3-81ea-4e84-ba52-ebcd909d2dc9","active",48.9970703,-122.7248165,"home_services","Lincoln Park Place","",98230,"services",""
"1924 Cape George Rd","metal_fabricator","Jefferson County","5f9a084d-074a-4d20-9ed9-66151d54097e","active",48.103026,-122.8569147,"professional_services","Meridian Stainless, Inc.","",98368,"",""
"8148 Stein Rd","massage_therapist","Whatcom County","f25a727f-02d8-4a77-af73-51da976d5d20","active",48.9366388,-122.6267761,"healthcare","Rebalance Massage Therapy","",98240,"hospitals_clinics",""
"261943 US-101","religious_organization","Clallam County","f7296379-9349-4182-842f-d1f4afbc3ce7","active",48.0776437,-123.1579263,"civil_society","CEF Of The Olympic Peninsula Chapter","",98382,"social_service",""
"Silver Lake County Park","park","Whatcom County","de85c472-1f88-4072-8bad-8c0729d6c694","active",48.9714213,-122.069183,"civil_society","Public Launch","",98266,"social_service",""
"701 N 36th St #200","new_us_american_restaurant","Seattle","5bd84e55-adbe-400f-aebc-bd28fa31b6c9","inactive",47.6511265,-122.3496425,"dining","Le Petit Cochon","Fremont",98103,"specialized_cuisine",""
"607 E Columbia Dr","crane_service","Kennewick","7779bada-51c6-46d1-9573-f1663adbb3c1","active",46.2141074,-119.1058688,"professional_services","Lampson International","Port of Kennewick",99336,"specialized_services",""
"20336 78th Pl SW","park","King County","808c56d1-fe71-4b36-b542-e7a3996f731c","active",47.4217147,-122.432431,"civil_society","KVI Beach","Klahanie",98070,"social_service",""
"1505 N State St","apartment_complex","Bellingham","6f07ba3c-442a-49c1-8f28-64b4f7471049","active",48.750866,-122.4739529,"civil_society","Walton Place Two","City Center",98225,"social_service",""
