"ADDRESS","BUSINESS_CATEGORY","CITY","DATAPLOR_ID","DATAPLOR_STATUS","LATITUDE","LONGITUDE","MAIN_CATEGORY","NAME","NEIGHBORHOOD","POSTAL_CODE","SUB_CATEGORY","SUB_SUB_CATEGORY"
"4649 Sunnyside Ave N # 307","massage_therapist","Seattle","ea564435-f35e-4bd8-83f1-a4db9dd011e6","active",47.6639099,-122.3312858,"healthcare","Michael Hamm, LMP","Meridian, Wallingford",98103,"hospitals_clinics",""
"2530 E St","dentist","Washougal","3e21179a-606b-4343-812c-d77ae03423f2","inactive",45.5799423,-122.3439099,"healthcare","Dr. Joseph Kelly","Downtown",98671,"specialties",""
"9101 NE 116th Ave","contractor","Clark County","3415dfb2-9229-4d1d-ac6f-1af022188b86","inactive",45.688468,-122.553091,"professional_services","PBF Construction","Orchards",98662,"licensed_professional",""
"330 SW 43rd St","software_company","Renton","ef267db9-3981-4c62-98d8-a5f5f713df8b","inactive",47.4417544,-122.2225821,"professional_services","WavesDS","",98057,"specialized_services",""
"315 5th Ave UNIT 1000","lawyer","Seattle","f8940d74-b356-4ee9-8f7e-9496bc565da1","inactive",47.5996404,-122.3279472,"professional_services","Kennar Elizabeth R","International District/Chinatown",98104,"licensed_professional",""
"15921 NE 8th St ste c208","immigration_attorney","Bellevue","6a63a261-30b9-4c8b-93b2-b4f3511ee435","active",47.6165751,-122.1278519,"professional_services","The Law Offices of Dennis Lam","Lake Hills",98008,"licensed_professional",""
"705 5th Ave S","law_firm","Seattle","27ee61b6-0b5e-407d-9880-a811258f28ba","active",47.5964863,-122.3281882,"professional_services","Martens + Associates |P.S.","International District/Chinatown",98104,"specialized_services",""
"325 9th Ave","social_worker","Seattle","26a07d5d-39d0-4a0b-b360-d9c598689130","active",47.6034418,-122.3235633,"professional_services","Murphy Amy L","Little Saigon, First Hill",98104,"licensed_professional",""
"14205 SE 36th St Suite 100","financial_planner","Bellevue","fffaf19a-f1dd-4588-8652-0caf3af2563d","active",47.5784283,-122.1493315,"professional_services","Randy Ng - Financial Advisor, Ameriprise Financial Services, LLC","Eastgate",98006,"licensed_professional",""
"2900 NE Blakeley St","attorney_referral_service","Seattle","29b96ce7-ff1d-44bf-becb-eec5d76a6ca5","active",47.665815,-122.2963509,"professional_services","Brotherton Corporation","University District",98105,"licensed_professional",""
