"ADDRESS","BUSINESS_CATEGORY","CITY","DATAPLOR_ID","DATAPLOR_STATUS","LATITUDE","LONGITUDE","MAIN_CATEGORY","NAME","NEIGHBORHOOD","POSTAL_CODE","SUB_CATEGORY","SUB_SUB_CATEGORY"
"240 Mary Ann Creek Rd","construction_company","Okanogan County","fc6d4b9b-50e9-4edd-9275-cfd8a0bfc102","inactive",48.967787,-119.1616199,"civil_society","Masonry Contractor","Old Molson",98844,"",""
"89 Sawtells Rd","orchard","Okanogan County","68743a9b-487d-4828-a642-7e526c330cdd","active",48.938751,-119.409276,"professional_services","K3 Orchards","",98844,"",""
"3rd Ave NE &, NE 100th St","parking_garage","Seattle","9ff71214-d170-44a0-bf70-a68dad1e8314","active",47.7024596,-122.3254284,"civil_society","Thornton Place Park & Ride Garage","Maple Leaf",98125,"social_service",""
"N Oberg Rd","farm","Okanogan County","13f945b2-fc77-4832-a505-2f1f0ca76e93","active",48.8140936,-119.2511307,"convenience_and_grocery_stores","Ole Swede, LLC","",98855,"consumer_goods","produce_and_fruit"
"154 W West Fork Cougar Creek RD","meditation_instructor","Okanogan County","0a509979-ccb7-462e-ae2a-86ffceb0b8a5","inactive",48.758847,-118.919842,"professional_services","Cougar Creek Energetic Center","",98859,"licensed_professional",""
"21 4th Ave","chiropractor","Omak","72aa1f49-1bdd-4c4a-a680-cd4f8f302936","active",48.4056591,-119.5297224,"healthcare","Discover Chiropractic","",98841,"specialties",""
"718 Apple Way Ave","city_park","Oroville","8c2593ce-c48a-4549-9798-25ce8ad0d04e","active",48.9372774,-119.43656,"civil_society","Welcome Gate Park","",98844,"government",""
"18 Deep Bay Rd","park","Oroville","547144e3-d16f-4d34-9670-c67939297fac","active",48.9650625,-119.4409338,"civil_society","Deep Bay Park","",98844,"social_service",""
"345 Knechtel Way NE","mental_health_service","Bainbridge Island","c26656bb-c45a-42ed-b6f9-96b363dae2f1","active",47.6300656,-122.5181387,"healthcare","carol pendleton","Winslow",98110,"hospitals_clinics",""
"32363 US-97","orchard","Okanogan County","b0b57df9-1bdc-462d-b68d-683f0336a47b","inactive",48.8256582,-119.4046249,"professional_services","Thornton's Farm","Ellisforde",98844,"",""
