"ADDRESS","BUSINESS_CATEGORY","CITY","DATAPLOR_ID","DATAPLOR_STATUS","LATITUDE","LONGITUDE","MAIN_CATEGORY","NAME","NEIGHBORHOOD","POSTAL_CODE","SUB_CATEGORY","SUB_SUB_CATEGORY"
"903 S Howard St","chiropractor","Walla Walla","b159e228-1ba0-4d99-b0dd-44b6fcd25d38","active",46.0601684,-118.3249196,"healthcare","Dino R. Lucas, DC","",99362,"specialties",""
"903 S Howard St","chiropractor","Walla Walla","4b13b798-48b2-46d0-b821-a0cfca420659","active",46.0601684,-118.3249196,"healthcare","Lucas Chiropractic Clinic","",99362,"specialties",""
"1618 E Isaacs Ave","chiropractor","Walla Walla","f8f06ea4-6598-40d1-b43e-f10c4bc3763d","active",46.0748208,-118.3135972,"healthcare","Walla Walla Back Pain Relief Chiropractic","",99362,"specialties",""
"1959 NE Pacific St","hospital_department","Seattle","51430d60-9a63-45b7-b3f6-1168dfc2f35a","active",47.6506935,-122.3091341,"healthcare","UW Neurological Surgery's","University District",98195,"hospitals_clinics",""
"1959 NE Pacific St","university_department","Seattle","9c678bbc-c2c7-4c14-b464-6d83a9ba56c2","active",47.6499333,-122.3084015,"civil_society","UW Internal Medicine Residency Program","University District",98195,"social_service",""
"1959 NE Pacific St # 356560","doctor","Seattle","ffefb3d0-cdc1-48ea-8c42-c5cf9e63bb66","active",47.650657,-122.3084886,"healthcare","University of Washington Medical Center: Lord Julie A MD","University District",98195,"specialties",""
"1959 NE Pacific St","urologist","Seattle","56267a55-fe15-4c5c-aab7-ee2d51f8175e","active",47.6492873,-122.3068507,"healthcare","Univ of Washington Medical Center: Hotaling James M MD","University District",98195,"specialties",""
"1959 NE Pacific St","family_practice_physician","Seattle","39a67f62-d44c-4918-916a-0d2d8a143f3a","active",47.6492873,-122.3068507,"healthcare","Univ of Washington Medical Center: Neighbor Jr William E MD","University District",98195,"specialties",""
"3003 W Casino Rd Bldg 40-87","gift_shop","Everett","c64c8744-0645-4ea8-b519-39da6185e6fb","inactive",47.9265221,-122.2720722,"retail","The Boeing Store","",98204,"",""
"4100 Factoria Blvd SE # D","dentist","Bellevue","1149b42e-a100-4821-b8a7-92faac3cbf9d","active",47.5727101,-122.1689541,"healthcare","Kang Dental Office","Factoria",98006,"specialties",""
