"ADDRESS","BUSINESS_CATEGORY","CITY","DATAPLOR_ID","DATAPLOR_STATUS","LATITUDE","LONGITUDE","MAIN_CATEGORY","NAME","NEIGHBORHOOD","POSTAL_CODE","SUB_CATEGORY","SUB_SUB_CATEGORY"
"11211 Slater Ave NE","preschool","Kirkland","5f542663-6094-45a1-a670-539290b16226","inactive",47.7006744,-122.1784279,"civil_society","Bright Horizons Totem Lake","Firloch",98033,"educational",""
"12408 106th Pl NE","child_care_agency","Kirkland","82be6f3c-9848-4fac-bbde-dc392666aa35","active",47.7116822,-122.1987411,"healthcare","Kirkland Child Care","Juanita",98034,"specialties",""
"1321 Queen Anne Ave N","apartment_complex","Seattle","51c2eb9e-05c0-48a6-a8d2-d5654cb0bcf8","active",47.6310931,-122.356794,"civil_society","The Q Apartments","Queen Anne",98109,"social_service",""
"229 Queen Anne Ave N","apartment_complex","Seattle","a8875678-8976-4272-8f5f-456849442406","active",47.620858,-122.3572384,"civil_society","LaVie at Queen Anne","Uptown, Belltown",98109,"social_service",""
"6201 14th Ave NW","apartment_building","Seattle","9e763eaa-c291-4127-bded-e0fbe7df8a16","active",47.6740854,-122.3738921,"professional_services","The Kontiki Apartments","Ballard",98107,"specialized_services",""
"312 Kline Rd","metal_fabricator","Whatcom County","cf615327-9803-4857-8640-416d5430dc11","active",48.8159429,-122.4751113,"professional_services","Pirate Metal works llc","",98226,"",""
"320 N 85th St","apartment_complex","Seattle","2dbd9a57-55ac-43bc-a1ed-96e512dbc621","active",47.6908226,-122.3541256,"civil_society","EdgePoint Apartments","Licton Springs, Greenwood",98103,"social_service",""
"2406 NE 139th St","apartment_rental_agency","Clark County","b0a79fb3-a80b-45ea-8d0b-a48a10f417c3","active",45.7226242,-122.6421743,"home_services","Highland Hills Apartments","Fairgrounds",98686,"",""
"7684 Pine Dr","custom_home_builder","Whatcom County","12d28d3c-1bfa-4b66-bfa7-86ba5b8bc50c","active",48.920815,-122.7417929,"home_services","Ryan Home Design & Construction","",98230,"services",""
"2nd Pl","divorce_attorney","Kirkland","2eba2adc-0a62-44a9-8f3f-732bcd5ae4e5","active",47.6773013,-122.205065,"civil_society","Karin Quirk, The Quirk Law Group PLLC","Moss Bay",98033,"government",""
