"ADDRESS","BUSINESS_CATEGORY","CITY","DATAPLOR_ID","DATAPLOR_STATUS","LATITUDE","LONGITUDE","MAIN_CATEGORY","NAME","NEIGHBORHOOD","POSTAL_CODE","SUB_CATEGORY","SUB_SUB_CATEGORY"
"11416 Slater Ave NE #100","massage_therapist","Kirkland","d2358c93-58a8-45dd-888d-a185301d6ec9","active",47.7024686,-122.1766534,"healthcare","Adrienne Henderson LMT Licensed Massage Therapist","Firloch",98033,"hospitals_clinics",""
"2610 SE 164th Ave","assisted_living_facility","Vancouver","ee3c2c61-8bc3-41a8-a740-003e596727f2","active",45.602625,-122.5047345,"healthcare","Lexington House","Fairway/164th",98683,"hospitals_clinics",""
"3805 NE 159th Ave","assisted_living_facility","Vancouver","769350ea-6e06-4566-9997-09ff438a6eee","active",45.6501234,-122.5088184,"healthcare","Harmony Adult Care Home","Parkway East",98682,"hospitals_clinics",""
"25842 87th Ave S","apartment_complex","Kent","530aa958-2537-4cfb-84ee-bd1ac6f1f01d","active",47.3705038,-122.2264935,"civil_society","River Pointe Apartments","River Pointe Apartments",98030,"social_service",""
"23401 104th Ave SE","apartment_building","Kent","72520b91-2d8f-41f8-a49f-cf3ca8254983","active",47.392052,-122.2025412,"professional_services","Valli Kee Apartments","East Hill",98031,"specialized_services",""
"24028 110th Pl SE","apartment_rental_agency","Kent","cbd8d5d2-9365-490e-87c3-90e0c0072331","active",47.3857049,-122.1937808,"home_services","Alvista 240","East Hill",98030,"",""
"315 SE Olympia Dr","swimming_school","Vancouver","25bf6450-721e-4f25-8800-35624919ef7f","active",45.6192016,-122.5251835,"entertainment_and_recreation","British Swim School at Hampton Inn & Suites","Airport Green",98684,"sports_and_recreation",""
"16833 SE Wax Rd","apartment_building","Covington","273815d9-0d74-4192-baf0-30eb4a406d22","active",47.350415,-122.1170327,"professional_services","Royal Firs Apartments","East Hill",98042,"specialized_services",""
"9736 NE 120th Pl","american_restaurant","Kirkland","eee99ee2-f683-41e5-bad1-47f48633d03b","active",47.7081893,-122.211296,"dining","Sparrow","Juanita",98034,"diner",""
"5721 SE Columbia Way Suite 150","financial_institution","Vancouver","8cc14120-eb65-4970-b5f2-619a3084ebed","active",45.6129302,-122.6108779,"civil_society","Riverside Payments","Riverview",98661,"government",""
