"ADDRESS","BUSINESS_CATEGORY","CITY","DATAPLOR_ID","DATAPLOR_STATUS","LATITUDE","LONGITUDE","MAIN_CATEGORY","NAME","NEIGHBORHOOD","POSTAL_CODE","SUB_CATEGORY","SUB_SUB_CATEGORY"
"11636 98th Ave NE","massage_spa","Kirkland","e28a34a9-215c-4f93-9c64-c5c492540058","active",47.7051777,-122.2098767,"healthcare","Peony Massage","Juanita",98034,"hospitals_clinics",""
"8605 NE Hwy 99 Suite 108","chiropractor","Clark County","1e2131db-70b6-4cdc-9183-cce7d0be3bc2","active",45.6848604,-122.6599414,"healthcare","Hazel Dell Massage & Chiropractic","Northeast Hazel Dell",98665,"specialties",""
"2808 NE 126th Ct","social_services_organization","Vancouver","6f140b30-3a2b-49c6-aa26-c7b9d79f8afe","active",45.643678,-122.5426846,"civil_society","Mercy Family Home","Image",98682,"government",""
"300 E 24th St","massage_therapist","Vancouver","52cf4b8a-38fa-4a64-980a-b15e74aeacb1","inactive",45.6387329,-122.6689494,"healthcare","Gregory Reid","Arnada",98663,"hospitals_clinics",""
"7510 SE Evergreen Hwy","adult_foster_care_service","Vancouver","46fd8129-0c89-44b0-bfa8-30ac85aa04e8","active",45.6118327,-122.5945748,"civil_society","Riverview Senior Living","Old Evergreen Highway",98664,"social_service",""
"2108 SE 146th Ave","adult_foster_care_service","Vancouver","912f559b-9177-48ac-a466-663a2695dd70","inactive",45.6057479,-122.5234577,"civil_society","Dignity Care Home","Cascade Southeast",98683,"social_service",""
"19206 SE 1st St #118","massage_therapist","Vancouver","dfb51901-6426-4148-a456-6da6dbce7ff3","active",45.6210133,-122.4766098,"healthcare","Cypress Massage","Bennington",98683,"hospitals_clinics",""
"412 NW 46th St","assisted_living_facility","Vancouver","c9804425-4c5e-4def-88d8-01357d04d9de","active",45.6556875,-122.6755585,"healthcare","Adult Family Home LLC","Northwest",98663,"hospitals_clinics",""
"16904 SE 1st St Suite 102","drug_testing_service","Vancouver","929623ae-6cde-4de3-ad98-5428944d6a80","active",45.6214553,-122.4989453,"civil_society","Fastest Labs of Vancouver","Bennington",98684,"social_service",""
"762 NW 28th St","home_builder","Battle Ground","719c6961-89f0-4e6c-ae07-9dad12212594","active",45.801411,-122.545898,"home_services","Aho Construction - Battle Ground","",98604,"services",""
