"ADDRESS","BUSINESS_CATEGORY","CITY","DATAPLOR_ID","DATAPLOR_STATUS","LATITUDE","LONGITUDE","MAIN_CATEGORY","NAME","NEIGHBORHOOD","POSTAL_CODE","SUB_CATEGORY","SUB_SUB_CATEGORY"
"14676 NE 95th St Ave","cooking_class","Redmond","23030d04-0906-40d9-947f-050932ab60f7","inactive",47.6868894,-122.14483,"entertainment_and_recreation","Ultimate Baker Kitchen","Sammamish Valley",98052,"sports_and_recreation",""
"12025 Lake City Way NE","massage_therapist","Seattle","2d558f7c-ca22-4ff8-8570-768d4ed5742a","active",47.7164336,-122.2973277,"healthcare","Seattle Asian Medicine and Martial Arts","Lake City",98125,"hospitals_clinics",""
"6505 216th St SW Suite 200","dentist","Mountlake Terrace","ac615fc7-3e06-4f82-a098-a660330f2146","active",47.8038719,-122.3213458,"healthcare","Willamette Dental Group","",98043,"specialties",""
"801 Samish Way Suite 200","acupuncturist","Bellingham","7bc012e7-ebb1-4cca-b99f-1c2b8d3a6f8e","active",48.7260512,-122.471151,"healthcare","Bellingham Acupuncture and Eastern Medicine (Kelly Sell)","Samish Hill",98229,"specialties",""
"4744 41st Ave SW","apartment_complex","Seattle","32823d2f-6cdc-4653-82c0-cd1f02ad6916","active",47.5601809,-122.3837872,"civil_society","City Watch Apartments","Morgan Junction, West Seattle",98116,"social_service",""
"8500 Dallas Ave S","boat_repair_shop","King County","11e4243b-feb2-4677-9b17-8571fc213337","active",47.5280302,-122.3141896,"professional_services","Legacy Master Marine","South Park",98108,"specialized_services",""
"416 8th Ave S","clothing_store","Seattle","591086af-2c62-4efe-bba3-fcef68a2441f","inactive",47.5986538,-122.3222354,"retail","The North West Clothing Seattle","Little Saigon, International District/Chinatown",98104,"",""
"Twanoh State Park","campground","Mason County","024ce1a9-5df2-4704-a808-b5cc02880454","active",47.377423,-122.9746434,"entertainment_and_recreation","Twanoh State Park Campground","",98528,"",""
"JX44+R5","nature_preserve","Pacific County","d4280095-d5eb-4d17-b430-e9e77b40fbda","inactive",46.6070575,-124.0445695,"civil_society","Willapa National Wildlife Refuge Leadbetter Point","",98640,"social_service",""
"520 128th St SW B-8","fried_chicken_takeaway","Snohomish County","fa9c277a-023e-4620-93a5-51cd8da7df35","active",47.8809422,-122.2417013,"dining","SWEET RADISH","",98204,"diner",""
