"ADDRESS","BUSINESS_CATEGORY","CITY","DATAPLOR_ID","DATAPLOR_STATUS","LATITUDE","LONGITUDE","MAIN_CATEGORY","NAME","NEIGHBORHOOD","POSTAL_CODE","SUB_CATEGORY","SUB_SUB_CATEGORY"
"1822 112th St E ste a","medical_center","Pierce County","fe1d6e5b-4c58-4513-8082-64a4d9515c4e","active",47.1545657,-122.4046092,"healthcare","DaVita Rainier View Dialysis","Summit",98445,"hospitals_clinics",""
"1st floor, 400 Pine St # 126","candy_store","Seattle","2a3d0953-cc53-4256-9f33-faebb9df21a2","active",47.6118373,-122.3373974,"retail","Candy Tyme","Central Business District, Belltown",98101,"",""
"7320 216th St SW Suite 200","family_practice_physician","Edmonds","9959ec67-4f74-48d0-a787-4f4161cd22cc","active",47.8026265,-122.3319565,"healthcare","Alicia M. Placko, ARNP","",98026,"specialties",""
"11300 NE 28th St","truck_rental_agency","Vancouver","4e1a74fb-bdb1-4890-9129-0aab50bcd177","active",45.6436657,-122.5571179,"transportation_services","U-Haul Neighborhood Dealer","Image",98682,"private_transportation",""
"7101 W Hood Pl a102","massage_spa","Kennewick","8d42440c-7b0f-4b52-b036-2f7a2d800045","active",46.2165353,-119.2152951,"healthcare","Knot-Release Therapies","",99336,"hospitals_clinics",""
"4701 Shilshole Ave NW","boat_repair_shop","Seattle","a1845a43-f015-401c-b0b2-dde9b3c1d0a6","active",47.6625633,-122.3800017,"professional_services","CSR Marine","Ballard",98107,"specialized_services",""
"101 Taylor Ave N","apartment_complex","Seattle","9f3136ba-9104-47ac-89f8-9d74a397f71a","active",47.6190381,-122.346812,"civil_society","The Century","South Lake Union, Belltown",98109,"social_service",""
"5499 15th Ave NE","apartment_complex","Lacey","9df411e7-40b9-4e5e-86c3-263f8307f22e","active",47.0574659,-122.8116571,"civil_society","Modera Lacey","",98516,"social_service",""
"3948 Martin Way E","apartment_complex","Olympia","24722b88-f7ee-4e0c-9270-ebb71d8fccdf","active",47.048362,-122.8369,"civil_society","Casa Madrona","",98506,"social_service",""
"9325 Martin Way E 9327, 9329 Martin Way E","apartment_building","Thurston County","b64a45cb-8989-4528-b2b3-41fc58a53d6f","active",47.0598361,-122.7408897,"professional_services","Arbor Crest Apartments","",98516,"specialized_services",""
