"ADDRESS","BUSINESS_CATEGORY","CITY","DATAPLOR_ID","DATAPLOR_STATUS","LATITUDE","LONGITUDE","MAIN_CATEGORY","NAME","NEIGHBORHOOD","POSTAL_CODE","SUB_CATEGORY","SUB_SUB_CATEGORY"
"78 Bartroff Rd","organic_farm","Okanogan County","45d08f32-e2d3-4f68-a3a3-e6dd3e30a270","inactive",48.8775679,-119.0795749,"healthcare","Summersong Farm","",98844,"pharmacy_supplies",""
"415 N Empire Creek Rd","organic_farm","Ferry County","e1f69304-191c-4ff2-a9c2-fba465606a15","active",48.8149473,-118.6698934,"healthcare","Mountain Mushroom Farm","",99150,"pharmacy_supplies",""
"26 Raptor Rd","masonry_contractor","San Juan County","33054ae2-2d7c-4be7-b263-51adef7299e1","active",48.7106952,-122.8926607,"professional_services","The Woodsmen","",98245,"",""
"1808 Benson Rd","coaching_center","Whatcom County","00bea6e4-474e-4f88-a1d6-9d9ce40f8ff7","inactive",48.9886827,-123.0565776,"professional_services","OneHealingPresence","",98281,"specialized_services",""
"63 Meadow Lark Spur","farm","Okanogan County","2bba5726-d251-4700-9d91-2fe40a8c4a16","active",48.9898864,-119.3378744,"convenience_and_grocery_stores","The Lewis Farms","",98844,"consumer_goods","produce_and_fruit"
"1510 Main St","real_estate_agency","Oroville","457ed5af-7aad-4f2a-b0f3-1a45f3b759d4","active",48.9398618,-119.4352775,"professional_services","RE/MAX Lake and Country","",98844,"specialized_services",""
"248 Reuben Memorial Dr","airline","San Juan County","1fc6b4dc-3b5e-4602-8e6c-f821b36594ac","active",48.6086942,-123.1531809,"transportation_services","Kenmore Air Roche Harbor Resort","Roche Harbor",98250,"public_transportation",""
"40 Blanchard Rd","general_contractor","Eastsound","127e4e9f-adcc-4a99-ac72-53284bc8eb52","inactive",48.704079,-122.9167419,"professional_services","Padbury Construction","",98245,"licensed_professional",""
"911 19th Ave","real_estate_agency","Oroville","9216a3bc-bed9-4450-a341-21f8578b9e88","active",48.9437359,-119.4344339,"professional_services","ProStaff Real Estate","",98844,"specialized_services",""
"360 Klondike Rd","hiking_area","Ferry County","05458c51-ec95-41b4-9a08-03870740527b","active",48.6883177,-118.723259,"entertainment_and_recreation","Union Ridge","",99166,"sports_and_recreation",""
