"ADDRESS","BUSINESS_CATEGORY","CITY","DATAPLOR_ID","DATAPLOR_STATUS","LATITUDE","LONGITUDE","MAIN_CATEGORY","NAME","NEIGHBORHOOD","POSTAL_CODE","SUB_CATEGORY","SUB_SUB_CATEGORY"
"705 Pacific Ave","visitor_center","Bremerton","9d2b9e0d-29c5-400d-a214-7186069f1304","active",47.5681695,-122.6271936,"travel","Greater Kitsap Visitor Center - Bremerton Office","",98337,"vacation_services",""
"10315 Silverdale Way NW ste b 02","visitor_center","Silverdale","479776f0-a54b-4c8d-8448-d78c9b2275ce","inactive",47.6576768,-122.6906121,"travel","Greater Kitsap Visitor Center - Silverdale Office","",98383,"vacation_services",""
"125 S 107th St","family_day_care_service","King County","a7e1607d-55e6-4d0b-851f-f058752a63bb","active",47.5074101,-122.3325212,"civil_society","Cody Day Care","Highline",98168,"social_service",""
"3233 SW Avalon Way","apartment_building","Seattle","3d374eef-335b-4def-b669-2779cf293200","active",47.5637304,-122.3734976,"professional_services","Westside Flats","West Seattle",98126,"specialized_services",""
"3710 SE 139th Ave","marina","Vancouver","606c9cad-75ea-41ac-a636-62f84112b9d6","active",45.5934493,-122.5303772,"civil_society","McCuddy's Steamboat Landing Marina","Columbia River",98683,"social_service",""
"10612 NW Lower River Rd","marina","Clark County","8c39c4a4-f1be-48f7-8883-0a74fb7fc6c9","active",45.7007551,-122.7606806,"civil_society","Kadow's Marina","",98660,"social_service",""
"1407 2nd Ave W","apartment_building","Seattle","239b089c-5a23-4476-8c96-22e14ec3aca4","active",47.6314835,-122.3595005,"professional_services","West Town View","Queen Anne",98119,"specialized_services",""
"3220 California Ave SW","apartment_complex","Seattle","58dd4eb3-459d-43e1-b4d1-b8fe067852c3","active",47.5748968,-122.3864354,"civil_society","Springline Apartments","Admiral, West Seattle",98116,"social_service",""
"2207 E Union St","bicycle_store","Seattle","6bed6962-908b-4b72-b881-6b84db8478c5","inactive",47.6128081,-122.3030738,"retail","Electric Lady Bicycles","Madison Valley",98122,"",""
"110 W Olympic Pl","apartment_building","Seattle","2a06908b-4585-4bbf-bdec-3ceb02013d8d","active",47.6269187,-122.3587423,"professional_services","Olympic West","Uptown",98119,"specialized_services",""
