"ADDRESS","BUSINESS_CATEGORY","CITY","DATAPLOR_ID","DATAPLOR_STATUS","LATITUDE","LONGITUDE","MAIN_CATEGORY","NAME","NEIGHBORHOOD","POSTAL_CODE","SUB_CATEGORY","SUB_SUB_CATEGORY"
"1802 Franklin Ave E","park","Seattle","3a0ca9a1-14fd-4024-a917-bc4bfbd412e4","active",47.6351652,-122.323348,"civil_society","I-5 Bike Park","Capitol Hill",98102,"social_service",""
"4248 Y Rd","hiking_area","Whatcom County","adec453a-41bf-4cc3-80d1-28318179b929","inactive",48.7941376,-122.3303286,"entertainment_and_recreation","Rusty Ranch - Private Tree Farm","Agate Bay",98226,"sports_and_recreation",""
"18110 SE 34th St #255","packaging_company","Vancouver","f98a0752-50f6-41f1-b952-08a1c48aca97","active",45.5997513,-122.4848567,"professional_services","ePac Flexible Packaging","Fisher's Landing East",98683,"",""
"11 Chinook Park Rd","tourist_attraction","Pacific County","4853ea6b-1e0d-4be8-8f05-4f3f5a0cfb90","active",46.2621816,-123.931732,"travel","Chinook County Park","",98614,"vacation_services",""
"3000 SE Hidden Way","steel_fabricator","Vancouver","65ff77a3-10e6-4f1c-bcc8-da803df82489","active",45.6151134,-122.6397149,"retail","Thompson Metal Fab Inc","Columbia Way",98661,"",""
"13739 Linden Ave N","apartment_complex","Seattle","f3c7c20b-bba8-4785-9b41-9f02aad207bc","active",47.7292382,-122.3483578,"civil_society","The Amesbury Apartments","Bitter Lake",98133,"social_service",""
"1052 Monte Elma Rd","golf_course","Grays Harbor County","bbe212b5-928f-4df5-9604-2bfcf2294f21","active",47.0021911,-123.455758,"entertainment_and_recreation","Oaksridge Golf Course","",98541,"sports_and_recreation",""
"6059 Guide Meridian Rd","metal_fabricator","Whatcom County","fa32a808-bbc5-423d-89ce-44e2a4c61f09","active",48.8608711,-122.4864433,"professional_services","Blue Steel Targets Inc","",98226,"",""
"18110 SE 34th St #255","packaging_company","Vancouver","7b7dc13d-fce1-4b1e-bf32-abffe2e304be","active",45.5997513,-122.4848567,"professional_services","ePac Flexible Packaging","Fisher's Landing East",98683,"",""
"2611 W Maplewood Ave","senior_citizens_care_service","Bellingham","71c5b157-4a9f-429e-b593-55f08ce4a36c","active",48.7750104,-122.4987701,"healthcare","Fijian Love Homecare Agency","Birchwood",98225,"hospitals_clinics",""
