"ADDRESS","BUSINESS_CATEGORY","CITY","DATAPLOR_ID","DATAPLOR_STATUS","LATITUDE","LONGITUDE","MAIN_CATEGORY","NAME","NEIGHBORHOOD","POSTAL_CODE","SUB_CATEGORY","SUB_SUB_CATEGORY"
"3310 Hill Ave","professional_services","Everett","0dccd21e-aa80-4741-be4a-48b6c4bd26cd","active",47.9735322,-122.1952145,"professional_services","NCTL","Port Gardner",98201,"",""
"1633 Bellevue Ave","apartment_building","Seattle","3893b94a-8a24-4856-889e-288d21726933","active",47.6161256,-122.3269724,"professional_services","Capitol Steps Apartments & Furnished Suites","First Hill",98122,"specialized_services",""
"737 Olive Wy","condominium_complex","Seattle","6c27671c-1ab0-4539-aa20-91d413de2593","active",47.6138087,-122.3343737,"civil_society","Olive 8 Condominiums","Central Business District, First Hill",98101,"social_service",""
"2823 Thorndyke Ave W","store","Seattle","aa30e48d-b262-49dd-b4c4-4fcefa75d0bf","active",47.6454985,-122.3829834,"retail","Not Monday","Interbay, Magnolia",98199,"",""
"1600 7th Ave","coworking_space","Seattle","b92b4973-b34a-4ae0-ac37-d8646c504383","active",47.613437,-122.3346741,"professional_services","WeWork 1600 7th Avenue","Central Business District, First Hill",98101,"",""
"1600 7th Ave","property_management_company","Seattle","7e36f49e-5044-4081-861b-8e174433a91d","active",47.6132445,-122.3344055,"professional_services","1600 Seventh Building","Central Business District, First Hill",98101,"specialized_services",""
"2406 Elmway St","restaurant","Okanogan","84fad76a-c0b0-4f1b-9751-2c0888708972","active",48.3867297,-119.5533123,"dining","The Sugar Shack","",98840,"diner",""
"227 2nd Ave S","grocery_store","Okanogan","b147a49d-21a9-4850-a214-acf2a8d10a22","inactive",48.3627467,-119.5817298,"convenience_and_grocery_stores","Okanogan Farmstand","",98840,"consumer_goods",""
"11 Apple Way Rd","jamaican_restaurant","Okanogan","ae1e8fe4-8388-424b-ada8-c421f69bd693","inactive",48.352113,-119.588927,"dining","Donnie's Fresh Jamaican Cuisine & Catering","",98840,"specialized_cuisine",""
"1524 3rd Ave","convenience_store","Seattle","31e71f70-a583-4dc9-9e10-6cbbd18dadc7","inactive",47.6104626,-122.3380822,"convenience_and_grocery_stores","7-Eleven - Closed","Central Business District, Belltown",98101,"consumer_goods",""
