"ADDRESS","BUSINESS_CATEGORY","CITY","DATAPLOR_ID","DATAPLOR_STATUS","LATITUDE","LONGITUDE","MAIN_CATEGORY","NAME","NEIGHBORHOOD","POSTAL_CODE","SUB_CATEGORY","SUB_SUB_CATEGORY"
"190 Commercial Park Rd # H","cabinet_maker","Eastsound","e77eacc6-8ca7-4e94-a16e-f3eb6684a483","inactive",48.7088589,-122.9088434,"professional_services","Island Cabinets","",98245,"licensed_professional",""
"13201 Aurora Ave N","waxing_hair_removal_service","Seattle","26a3b56e-ec9c-4c53-8d77-14789cf88d52","active",47.7255123,-122.3468573,"beauty","Benefit Cosmetics BrowBar","Bitter Lake",98133,"personal_grooming","beauty_and_hair_parlors"
"209 N Whitcomb Ave","funeral_home","Tonasket","ee9904cd-6abb-4be2-9a98-83fda2c2dcd7","inactive",48.710131,-119.4352769,"professional_services","Tonasket Funeral Services","",98855,"",""
"Forest Service 3525 Rd","hiking_area","Okanogan County","6b38d978-d30a-4766-9237-41bf63555afc","active",48.8597902,-119.3059386,"entertainment_and_recreation","Wilcox Trailhead","",98855,"sports_and_recreation",""
"2973 Horseshoe Lake Rd","lodge","Stevens County","607dfdb7-f07b-4a5f-9443-c6925e37164b","active",48.2735266,-117.6183272,"travel","3 Lakes Fly Fishing","",99109,"lodging",""
"Havillah Rd","hiking_area","Okanogan County","fbdddd3c-687f-4deb-ad36-f1d83596c541","active",48.8128695,-119.1235738,"entertainment_and_recreation","Bonaparte Mountain Trailhead","",98855,"sports_and_recreation",""
"615 Bonaparte Lake Rd","resort_hotel","Okanogan County","0782725f-dd4f-4fb7-847a-a68c04abbde5","active",48.7981323,-119.0536189,"travel","Bonaparte Lake Resort","",98855,"lodging",""
"10001 1st Ave NE","parking_lot","Seattle","7a445b6a-a1bf-4438-858c-8e4619b2a475","active",47.7015764,-122.3287793,"civil_society","Northgate Park & Ride B","Licton Springs, Maple Leaf",98115,"social_service",""
"313 S Whitcomb Ave","second_hand_shop","Tonasket","5a7c8d9c-8654-4982-b422-6602f0a947dc","active",48.7049166,-119.4393232,"retail","It's Still Good","",98855,"",""
"85C Chesaw Rd","hotel","Oroville","c273758e-80d1-4884-932b-bbe1acaa0cb4","active",48.9439652,-119.4287658,"travel","River's Edge","",98844,"lodging",""
