"ADDRESS","BUSINESS_CATEGORY","CITY","DATAPLOR_ID","DATAPLOR_STATUS","LATITUDE","LONGITUDE","MAIN_CATEGORY","NAME","NEIGHBORHOOD","POSTAL_CODE","SUB_CATEGORY","SUB_SUB_CATEGORY"
"11815 NE Hwy 99 Suite D","naturopathic_practitioner","Clark County","ece17a19-3783-4885-9d38-e03ba12b4120","active",45.7072243,-122.6478146,"healthcare","Vancouver Natural Medicine, PLLC","Sherwood, Salmon Creek",98686,"specialties",""
"2120 196th St SW","boat_repair_shop","Snohomish County","7a9fc009-c741-45c8-84be-d183a8fe3ff8","active",47.820286,-122.262196,"professional_services","Lynnwood Marine","Alderwood",98036,"specialized_services",""
"16636 Juanita Dr NE","apartment_complex","Kenmore","02acc42b-6b44-48f9-98b9-84dc54a2cf93","active",47.749383,-122.2485866,"civil_society","Inglewood Forest Apartments","Moorlands",98028,"social_service",""
"1314 Harris Ave","massage_therapist","Bellingham","68573bfd-10e8-4485-bd40-ea74e9acac41","active",48.7198544,-122.5001816,"healthcare","Koru Body Therapy","Fairhaven",98225,"hospitals_clinics",""
"1530 Westlake Ave N","yacht_broker","Seattle","75929013-7e4f-4821-b00d-e9289781e7b3","active",47.6327102,-122.3403174,"retail","United Yacht Sales Pacific Division","Westlake, Fremont",98109,"",""
"844 NE 78th St","church","Seattle","899409de-db5c-49e3-9213-5ed2cdd52382","active",47.685725,-122.3184452,"civil_society","The Fairview Church","Green Lake",98115,"social_service",""
"1201 2nd Ave Suite 3400","legal_services","Seattle","c842d032-7d75-4bd0-a07b-7a02016624c2","active",47.6067572,-122.337132,"professional_services","JND Legal Administration","West Edge, International District/Chinatown",98101,"",""
"Juanita Dr NE &, 118th Ave NE","park","Kirkland","132de020-e29c-48ca-9ee4-0dd4bac37899","active",47.705648,-122.2379655,"civil_society","Juanita Woodlands Park","Inglewood-Finn Hill",98011,"social_service",""
"3025 Ferry Ave","apartment_complex","Bellingham","d7514c47-8033-42cf-aa3c-04a19cd835bf","active",48.7298828,-122.4780026,"civil_society","Inglewood Apartments","Happy Valley",98225,"social_service",""
"3811 NE Royal View Ave","apartment_building","Vancouver","f60a6f86-81fc-4e7e-94ed-f3a9be57bb45","active",45.6501015,-122.5840526,"professional_services","Royal Green Apartments","Ogden",98662,"specialized_services",""
