"ADDRESS","BUSINESS_CATEGORY","CITY","DATAPLOR_ID","DATAPLOR_STATUS","LATITUDE","LONGITUDE","MAIN_CATEGORY","NAME","NEIGHBORHOOD","POSTAL_CODE","SUB_CATEGORY","SUB_SUB_CATEGORY"
"1122 E Pike St #1355","adult_education_school","Seattle","7c8ca6a7-f1e8-4b4c-b056-c673fe4ef34f","active",47.6142754,-122.3171383,"civil_society","Cascadia Training","First Hill",98122,"educational",""
"14830 Tieton Rd","lodging","Yakima County","8c16dbe0-121b-47b2-b3d2-0f6a66c74388","active",46.6314453,-121.2782139,"travel","Camp Dudley","",98937,"lodging",""
"6306 Phinney Ave N","massage_therapist","Seattle","072f288b-3ffb-4210-91ef-ba055d1987bd","active",47.6748404,-122.3540924,"healthcare","My Time For Massage","Phinney Ridge",98103,"hospitals_clinics",""
"17809 S Vaughn Rd NW","summer_camp","Pierce County","4a2f1ba9-8136-4cea-abb5-f547bc4e0265","active",47.3366508,-122.7757034,"entertainment_and_recreation","Easterseals Camp Stand By Me","",98394,"sports_and_recreation",""
"858 Lind Ave SW","furniture_wholesaler","Renton","b948b82b-3ce5-47f8-aa8c-d13c3cdbaeb7","active",47.4714914,-122.2223694,"retail","Camerich USA","",98057,"",""
"4662 161st Ave SE","wedding_photographer","Bellevue","6008c4db-76e5-4234-82ff-74f8e5845b9e","active",47.561397,-122.1248517,"professional_services","Vadim Photo","Cougar Hills",98006,"licensed_professional",""
"2920 NE Blakeley St Suite F","dance_school","Seattle","45ec6e74-a780-416c-be40-81d46e95d4b6","active",47.6657513,-122.2958956,"entertainment_and_recreation","Baila District","University District",98105,"sports_and_recreation",""
"4150 California Ave SW #2","dentist","Seattle","b8c2a6be-880d-4ded-8d51-17da7b0fd210","active",47.5651145,-122.386457,"healthcare","Pavlovich Dental","West Seattle",98116,"specialties",""
"120 5th Ave","parking_lot","Seattle","13cf4826-50b8-4b73-ba8c-54fb6372b695","active",47.6014344,-122.3274723,"civil_society","120 5th Ave S Parking","International District/Chinatown",98104,"social_service",""
"2324 2nd Ave Rear Entrance","art_gallery","Seattle","48b026ec-dcda-4bc7-8038-7afc7013507b","active",47.6147748,-122.346289,"entertainment_and_recreation","Art Gallery PKULTRA","Central Business District, Belltown",98121,"performance_entertainment",""
