"ADDRESS","BUSINESS_CATEGORY","CITY","DATAPLOR_ID","DATAPLOR_STATUS","LATITUDE","LONGITUDE","MAIN_CATEGORY","NAME","NEIGHBORHOOD","POSTAL_CODE","SUB_CATEGORY","SUB_SUB_CATEGORY"
"2130 Westlake Ave N #2","physiotherapy_center","Seattle","e1b7b2d0-7f51-47a2-b389-cb7c46bb98f7","active",47.638506,-122.3405241,"healthcare","Pure Motion Physical Therapy","Westlake, Fremont",98109,"hospitals_clinics",""
"1500 Westlake Ave N","marina","Seattle","ba5a5d45-8a63-488e-80f2-1f39efcb8e18","active",47.6327372,-122.3402772,"civil_society","Marina Mart Moorings","Westlake, Fremont",98109,"social_service",""
"23824 Vashon Hwy SW","marina","King County","b9be99d2-feeb-4b26-9924-1039da9db58d","active",47.3904579,-122.4656829,"civil_society","Quartermaster Marina","Burton",98070,"social_service",""
"105 14th Ave Suite 120","psychotherapist","Seattle","2b82d717-b5f7-4d27-908b-7d72affd6b8d","active",47.6019132,-122.3143859,"healthcare","James Nole Therapy","Little Saigon, Yesler Terrace",98122,"specialties",""
"3261 SW Avalon Way APT 411","counselor","Seattle","f357af34-3fa8-42f9-9463-08c0f65f266a","inactive",47.563774,-122.3740993,"professional_services","Kathleen Unterreiner","West Seattle",981262887,"licensed_professional",""
"4831 35th Ave SW","medical_clinic","Seattle","7661ef48-5b00-4c82-958c-3cead21e282e","active",47.5582312,-122.3774319,"healthcare","Providence Elder Place - West Seattle","Delridge",98126,"hospitals_clinics",""
"NF-5160","campground","Okanogan County","1e970672-6abf-4620-976b-788c173e0bd8","active",48.715137,-120.1257937,"entertainment_and_recreation","Camp Four Campground","",98862,"",""
"25402 N Gap Rd","wholesaler","Benton County","1c081318-a795-4f8a-b39f-2ef186eae5f5","inactive",46.2525435,-119.7903427,"retail","Zirkle Fruit Co","",99350,"",""
"Chinook Pass, WA-410","campground","Yakima County","e72acdc5-81df-4b7c-a2fd-c835ea39a005","active",46.9689182,-121.210397,"entertainment_and_recreation","Pine Needle Group Site","American River",98937,"",""
"14040 NE 8th St office 102a","house_cleaning_service","Bellevue","c73c8855-7f25-4c57-9aac-358f69acea1a","active",47.6176529,-122.1520857,"home_services","24/25 CLEANERS","Crossroads",98007,"services",""
