"ADDRESS","BUSINESS_CATEGORY","CITY","DATAPLOR_ID","DATAPLOR_STATUS","LATITUDE","LONGITUDE","MAIN_CATEGORY","NAME","NEIGHBORHOOD","POSTAL_CODE","SUB_CATEGORY","SUB_SUB_CATEGORY"
"-298, 296 West Side Rd","park","San Juan County","8087cd20-b75a-47a7-be99-3d9fd67f41c3","active",48.5065645,-123.140757,"civil_society","Westside Preserve","","","social_service",""
"960 Guard St # B","manufacturer","Friday Harbor","f2996501-9a40-434a-b8cc-9b5299ba0937","active",48.5364458,-123.0289752,"retail","AutoTight, Commins Manufacturing Inc.","",98250,"",""
"304 Lopez Sound Rd","playground","San Juan County","4e102960-e396-4bad-b712-a56e0ee048ce","inactive",48.5097275,-122.8838243,"entertainment_and_recreation","Jasper Pond","",98261,"sports_and_recreation",""
"83 Lilac Ln","massage_therapist","San Juan County","43107d83-b758-4a3f-af78-e7953842ef7e","inactive",48.496117,-123.084921,"healthcare","Feldmiller Susan","",98250,"hospitals_clinics",""
"335 Orchard Dr","septic_system_service","San Juan County","99b28301-7b80-4b00-b13a-d51efb4662f2","active",48.611601,-123.023422,"home_services","ASTech Professionals","",98245,"services",""
"19537 Chiwawa Loop Road","adventure_sports_center","Chelan County","7e03c0d0-77f5-4415-bd11-c254c3b4fb5b","active",47.7752924,-120.6355124,"entertainment_and_recreation","Youth Dynamics Stonewater","Plain",98826,"sports_and_recreation",""
"271 Madison Ave S #102","real_estate_agents","Bainbridge Island","35680ac4-5a42-445d-8d7b-1a7b92900748","inactive",47.6232673,-122.5213323,"professional_services","Mark Middleton","Winslow",98110,"licensed_professional",""
"6135 Seaview Ave NW","naturopathic_practitioner","Seattle","9c0964c4-9a51-443e-8d07-0b06ca01c038","inactive",47.6740529,-122.4078591,"healthcare","Northwest Holistic Medicine","Sunset Hill, Seaview",98107,"specialties",""
"1401 6th St","family_practice_physician","Bellingham","cf96a7da-6daa-42bd-8dcc-eef213e6b2b7","active",48.7190816,-122.5088709,"healthcare","Dr. Craig K. Moore, MD","Fairhaven",98225,"specialties",""
"34 Sunderland Rd","preschool","San Juan County","8d952f12-ea7a-45a4-aa0d-2c7466b809ee","active",48.6704921,-122.9265983,"civil_society","Kaleidoscope Forest","",98245,"educational",""
