"ADDRESS","BUSINESS_CATEGORY","CITY","DATAPLOR_ID","DATAPLOR_STATUS","LATITUDE","LONGITUDE","MAIN_CATEGORY","NAME","NEIGHBORHOOD","POSTAL_CODE","SUB_CATEGORY","SUB_SUB_CATEGORY"
"8040 E Mill Plain Blvd","physiotherapist","Vancouver","2baf7bd9-6e3c-443b-8acf-ec39397f02a4","active",45.6253641,-122.5899485,"healthcare","Leslie Harvell, OT","North Garrison Heights",98664,"specialties",""
"1206 NE 146th St suite b","pressure_washing_service","Clark County","9cc7b074-6711-4e4e-9101-d205a5af6de3","inactive",45.7273222,-122.6590848,"professional_services","All-Clean! Vancouver","",98685,"specialized_services",""
"3207 E Main Ave","hiking_area","Puyallup","b5014cf3-43a8-4726-b834-9323789a8fd2","active",47.1965574,-122.2513848,"entertainment_and_recreation","Puyallup Riverwalk Trail","",98372,"sports_and_recreation",""
"2903 NE Andresen Rd","medical_lab","Vancouver","e8716f0b-8d8e-403e-a088-1573e5f24e02","active",45.6434562,-122.6001702,"healthcare","Labcorp at Walgreens","Ogden",98661,"hospitals_clinics",""
"25 W Roy St #206","apartment_building","Seattle","e38d36b2-1884-4b19-a395-2aa0476b324c","inactive",47.6256086,-122.3576344,"professional_services","Del Roy","Uptown, Belltown",98119,"specialized_services",""
"13622 NE 20th St H","motorcycle_driving_school","Bellevue","145fcc3f-84d2-4774-9bf5-6e91e678eece","active",47.6288986,-122.1579076,"automotive_services","Optimum Performance Rider Training","Crossroads",98005,"motorcycles","services"
"835 7th Ave","dance_school","Kirkland","e877bbce-ada9-4b5c-b949-0d8465104d14","active",47.6801753,-122.191848,"entertainment_and_recreation","Haley Prendergast School of Irish Dance","Norkirk",98033,"sports_and_recreation",""
"13027 100th Ave NE","dance_club","Kirkland","21b5cedd-4f9a-494a-a784-1b389e3a2401","active",47.7175291,-122.2082695,"entertainment_and_recreation","Samena Squares Dance Club","North Juanita",98034,"sports_and_recreation",""
"3535 Interlake Ave N","rock_climbing_centre","Seattle","3af4b005-4460-4d24-9a1a-8cfbd9dcab96","active",47.6502921,-122.3417288,"entertainment_and_recreation","Bouldering Project - Fremont","Fremont",98103,"sports_and_recreation",""
"6226 Fernridge Dr","housing_association","Ferndale","3feede07-7112-44f8-b007-3a292a2d0004","active",48.8685899,-122.5963513,"professional_services","Malloy Terrace HOA","",98248,"",""
