"ADDRESS","BUSINESS_CATEGORY","CITY","DATAPLOR_ID","DATAPLOR_STATUS","LATITUDE","LONGITUDE","MAIN_CATEGORY","NAME","NEIGHBORHOOD","POSTAL_CODE","SUB_CATEGORY","SUB_SUB_CATEGORY"
"8910 Landon Ct","fishing_charter","Pasco","045a6de8-1b65-40db-b39d-d7de71283998","active",46.2757081,-119.2075339,"transportation_services","Plughoff Outfitters","",99301,"",""
"NE 433rd St","boat_ramp","Clark County","21bf1984-35fc-4294-96f3-23e2695567c2","active",45.9363892,-122.6204172,"travel","Cedar Creek Water Access","",98674,"vacation_services",""
"101 W 8th Ave","anesthesiologist","Spokane","c766c0b8-96bd-4106-93c9-7b7961ec4ae3","active",47.6488753,-117.4132364,"healthcare","Dr. Ross Hanson","Cliff/Cannon",99204,"specialties",""
"101 W 8th Ave SUITE 1100","obstetrics_gynecology_clinic","Spokane","db6b3620-a728-4b86-a8c9-5425f3eb814a","active",47.6488753,-117.4132364,"healthcare","Gabor C. Mezei, MD, PhD","Cliff/Cannon",99204,"hospitals_clinics",""
"101 W 8th Ave","nurse_practitioner","Spokane","c0c7294a-4dd0-4738-9f59-3f8776452962","active",47.6490617,-117.4135201,"healthcare","Alison L. Houchin, ARNP","Cliff/Cannon",99204,"specialties",""
"509 Olive Wy #1055","acupuncture_clinic","Seattle","e93e0d35-36a3-42fa-9c61-5918b4afd514","active",47.612706,-122.3366128,"healthcare","Herban Qi Eastern Medicine & Herbs","Central Business District, Belltown",98101,"specialties",""
"101 W 8th Ave Third Floor, East Tower","cancer_treatment_center","Spokane","16d2205a-82b5-4425-a593-67e4ee24b0b2","active",47.6490402,-117.4114571,"healthcare","Providence Pediatric Hematology and Oncology","Cliff/Cannon",99204,"hospitals_clinics",""
"1525 NW 53rd St","apartment_building","Seattle","720304f5-be09-455b-9520-e56b492acb51","active",47.6669395,-122.3774584,"professional_services","Oslo Apartments","Ballard",98107,"specialized_services",""
"105 W 8th Ave #6060","nursing_agency","Spokane","02441248-bea3-48ed-8d8a-9c023a67749e","active",47.6483693,-117.413064,"healthcare","Moore Karen","Cliff/Cannon",99204,"hospitals_clinics",""
"10410 Greenwood Ave N","grocery_store","Seattle","6ade918d-f1f5-4e23-a871-9d5af30cbcec","inactive",47.7048588,-122.3549209,"convenience_and_grocery_stores","Ukraine International Foods","Greenwood",98133,"consumer_goods",""
