"ADDRESS","BUSINESS_CATEGORY","CITY","DATAPLOR_ID","DATAPLOR_STATUS","LATITUDE","LONGITUDE","MAIN_CATEGORY","NAME","NEIGHBORHOOD","POSTAL_CODE","SUB_CATEGORY","SUB_SUB_CATEGORY"
"1901 1st Ave W","chamber_of_commerce","Seattle","e3d8cfb1-ab9e-40de-84b1-fbb0ba523c59","active",47.6362486,-122.359084,"civil_society","Queen Anne Chamber of Commerce","Queen Anne",98119,"government",""
"201 Galer St","historical_landmark","Seattle","97d5553f-4033-4f42-bc84-1efaba921cc3","inactive",47.6323544,-122.3520102,"civil_society","The Top of Queen Anne","Queen Anne",98109,"social_service",""
"120 S Spokane St","used_car_dealer","Seattle","cb92a737-d4c4-4a0c-a520-497c168c0dbd","active",47.5718593,-122.3330832,"retail","Doggett Autobrokers","SODO",98134,"",""
"19020 33rd Ave W #300","real_estate_agents","Lynnwood","1fac2327-d425-4502-bbd8-04a62a2f4aa2","active",47.825908,-122.2787888,"professional_services","Joe Cross Real Estate","",98036,"licensed_professional",""
"29849 6th Ave S","adult_foster_care_service","Federal Way","9c782460-0d11-4827-b55c-cd3b4992957d","active",47.3326387,-122.3261407,"civil_society","Marine Hills Adult Family Home (OFFICIAL WEBSITE)","Puget Sound Hills",98003,"social_service",""
"31823 Gateway Center Blvd S","medical_lab","Federal Way","8b12fec8-1bcc-472d-9e63-b0ce6f086213","inactive",47.3167585,-122.2995387,"healthcare","GS Labs Rapid Testing - Federal Way","",98003,"hospitals_clinics",""
"33434 8th Ave S STE 103","real_estate_agents","Federal Way","c6323df6-915f-4ff2-9aac-a4938d8cd3af","active",47.3030742,-122.32309,"professional_services","The Goelzer Home Team at Keller Williams Realty Puget Sound","",98003,"licensed_professional",""
"University Village |, 2688 NE 49th St","pilates_studio","Seattle","65c9f38c-ed2d-4bb3-a409-dc854b5d29e7","active",47.664648,-122.298286,"entertainment_and_recreation","Metropolitan Pilates","University District",98105,"sports_and_recreation",""
"7401 Yelm Hwy SE","pumpkin_patch","Thurston County","f93b5983-5bc1-4d6e-a5ef-79c16a38d29a","active",46.9853535,-122.7819092,"convenience_and_grocery_stores","Hunter Family Farm LLC","Kellys Korner",98513,"",""
"1308 Main St","manufacturer","Vancouver","4055862b-6907-4589-8e70-5d3710ef3f25","active",45.6315238,-122.6718865,"retail","NW Therapeutics","Esther Short",98660,"",""
