"ADDRESS","BUSINESS_CATEGORY","CITY","DATAPLOR_ID","DATAPLOR_STATUS","LATITUDE","LONGITUDE","MAIN_CATEGORY","NAME","NEIGHBORHOOD","POSTAL_CODE","SUB_CATEGORY","SUB_SUB_CATEGORY"
"21405 N Hwy #395","pottery_manufacturer","Colville","d1c4c2d2-cf93-42d5-9edd-bbac0591bdbe","inactive",48.5492114,-117.9117892,"retail","Four pines pottery","",99005,"",""
"4730 Mosquito Lake Rd","retreat_center","Whatcom County","6641f2d7-5a22-4552-a634-25c127bc5134","active",48.812086,-122.12151,"entertainment_and_recreation","Green Labyrinth Sanctuary","Kulshan",98244,"sports_and_recreation",""
"2210 S Peabody St","fraternal_organization","Port Angeles","dddb15b9-905d-4861-8736-b5907dfc23bf","inactive",48.1061269,-123.4390141,"civil_society","Shrine Circus","",98362,"social_service",""
"21 Blanche Ave","welder","Port Hadlock","7cfc77ad-03f3-4869-bcf8-38212e7df3ec","inactive",48.0284867,-122.7628251,"professional_services","Wild Olympic Iron Works","",98339,"licensed_professional",""
"WM7G+WM","rest_stop","Pend Oreille County","cf16409a-99db-49a6-8bd8-6af64d095282","inactive",48.9148674,-117.3232636,"transportation_services","North Pend Orielle Scenic Byway Pull Out","","","",""
"1658 E Olive Wy","tobacco_shop","Seattle","fd035636-fd16-4588-aeef-1e0507fe4736","inactive",47.6199749,-122.323657,"retail","Capitol Hill Tobacco","Capitol Hill",98102,"",""
"1454 E Harrison St","apartment_building","Seattle","d876d9dd-ca1d-47eb-81e4-ffae73fcb8c3","active",47.6221638,-122.3134956,"professional_services","Malden Apartments","Capitol Hill",98112,"specialized_services",""
"425 Malden Ave E","apartment_building","Seattle","0b4efa44-18bc-44df-a46a-17f06fcbf456","active",47.6227958,-122.3139569,"professional_services","Malden House Apartments","Capitol Hill",98112,"specialized_services",""
"2633 Eastlake Ave E","soccer_club","Seattle","748e007c-0c75-4ab9-8ec7-f31f61715c7a","active",47.6442882,-122.326325,"entertainment_and_recreation","Seattle Celtic HQ","Eastlake",98102,"sports_and_recreation",""
"271 Power Plant Rd","store","Clallam County","102fac22-4a8c-4d88-8422-7c9044fd851b","active",48.1011362,-123.5481168,"retail","Elofson Fireworks","",98363,"",""
