"ADDRESS","BUSINESS_CATEGORY","CITY","DATAPLOR_ID","DATAPLOR_STATUS","LATITUDE","LONGITUDE","MAIN_CATEGORY","NAME","NEIGHBORHOOD","POSTAL_CODE","SUB_CATEGORY","SUB_SUB_CATEGORY"
"1900–2000 Westlake Ave N","marina","Seattle","aa69fdd6-443e-4389-851d-a1a8b74cf9fe","active",47.6382176,-122.3403492,"civil_society","Julie's Landing","Westlake, Fremont",98109,"social_service",""
"9050 Seward Park Ave S","marina","Seattle","c6c80433-45b0-418b-aa5e-fc1b159aa35f","active",47.5216958,-122.263892,"civil_society","Parkshore Marina","Rainier Beach",98118,"social_service",""
"338 Camelia Street NE","hardware_store","Royal City","ed0a6244-0a0b-49b3-b41c-78b56d4a75d0","active",46.900175,-119.622592,"retail","Ace Hardware","",99357,"",""
"15376 Seabeck Hwy NW","marina","Kitsap County","acb9a63b-ee16-48c9-989c-e394323a54a2","active",47.6410754,-122.8286005,"civil_society","Olympic View Marina","",98380,"social_service",""
"1264 Westlake Ave N","real_estate_rental_agency","Seattle","3383248f-0611-4be3-ac05-83679ae0625f","active",47.6317204,-122.3402775,"professional_services","Marina Mart","Westlake, Fremont",98109,"specialized_services",""
"Seahurst Professional Building, 1800 SW 152nd St #200","acupuncture_clinic","Burien","ebd7ee4f-b7d7-4a63-8299-14cb0a5f516e","active",47.4669056,-122.3577642,"healthcare","Community Acupuncture Project of Burien","Seahurst",98166,"specialties",""
"5430 W Hood Ave","self_storage_facility","Kennewick","a58751ac-f569-4915-91b6-ba9493e0c03a","active",46.2165672,-119.1938769,"retail","Kamiakin RV and Boat Storage","",99336,"",""
"809 Fairview Pl N Suite # 160","yacht_broker","Seattle","9357e02c-0181-442d-9008-29ddd909dd22","active",47.626736,-122.334909,"retail","Pacific Northwest Yachts","South Lake Union, Capitol Hill",98109,"",""
"1355 Columbia Park Trail suite f","mental_health_clinic","Richland","8af18077-d8c3-4143-8a53-1357a67d5e7d","active",46.2376517,-119.2311176,"healthcare","Three Rivers Psychiatry","Island View",99352,"hospitals_clinics",""
"11800 NE 128th St #200","mental_health_clinic","Kirkland","924c2a4f-0168-488b-a775-af7711238ed3","active",47.7152168,-122.1839932,"healthcare","EvergreenHealth Behavioral Health Services","Totem Lake",98034,"hospitals_clinics",""
