"ADDRESS","BUSINESS_CATEGORY","CITY","DATAPLOR_ID","DATAPLOR_STATUS","LATITUDE","LONGITUDE","MAIN_CATEGORY","NAME","NEIGHBORHOOD","POSTAL_CODE","SUB_CATEGORY","SUB_SUB_CATEGORY"
"8815 S 180th St","coffee_shop","Kent","890beca6-c9e6-4d0e-9643-244dc1bbe379","active",47.4407781,-122.2234321,"dining","Mighty Mugs Coffee","",98032,"cafe",""
"1726 Edwards Dr","real_estate_agency","Whatcom County","520efcf6-d9cc-4e40-af3c-f2cb2ce72ff1","active",48.9770523,-123.0607133,"professional_services","Live Point Roberts","South Beach",98281,"specialized_services",""
"3010 Kauffman Ave","apartment_complex","Vancouver","05406b0c-de02-4d4d-9e39-99363f84d5b2","active",45.6437123,-122.6817325,"civil_society","Cedar Village Townhomes","Carter Park",98660,"social_service",""
"7946 Portal Way","metal_fabricator","Whatcom County","e71464af-3cb3-4dab-bba2-e40d73524fd1","active",48.93052,-122.6580224,"professional_services","North Point Metalworks","Custer",98240,"",""
"18707 50th Ave E Frederickson","moving_and_storage_service","Pierce County","1ecd0508-73f0-4280-b70a-b1c436cd89e6","active",47.0857064,-122.3623306,"professional_services","PODS Moving & Storage","Frederickson",98446,"",""
"237 NE Chkalov Dr Suite 242","real_estate_agency","Vancouver","991f7f01-5149-4992-ad03-5d500d928ee4","active",45.623038,-122.5564459,"professional_services","Better Homes and Gardens Real Estate Realty Partners","Fircrest",98684,"specialized_services",""
"742 Marine Dr Building 1A","boat_builder","Whatcom County","9dbc8608-d223-4417-8fb5-c23f9c9bd07a","active",48.7686424,-122.5181358,"transportation_services","Hard Drive Marine","Birchwood",98225,"",""
"9930 124th Ave NE","park","Kirkland","881dd88b-26f4-479b-b5d5-5cd664d82637","active",47.6873541,-122.1751591,"civil_society","Castle Playground","North Rose Hill",98033,"social_service",""
"2801 2nd Ave","dry_cleaner","Seattle","b2c8ca50-45ad-4d33-8bf6-da2c7fc39ce6","active",47.6170114,-122.3509872,"home_services","Crescent Arms Dry Cleaners","Uptown, Belltown",98121,"services",""
"12321 120th Pl NE","swimming_school","Kirkland","fa1f6e8e-8a2f-4cd9-845f-e3c18aaeb79f","active",47.7087632,-122.1798011,"entertainment_and_recreation","SafeSplash Swim School - Kirkland - Totem Lake","Firloch",98034,"sports_and_recreation",""
